/*
SQLyog Ultimate v12.04 (64 bit)
MySQL - 10.1.10-MariaDB : Database - patient_tracking
*********************************************************************
*/

/*!40101 SET NAMES utf8 */;

/*!40101 SET SQL_MODE=''*/;

/*!40014 SET @OLD_UNIQUE_CHECKS=@@UNIQUE_CHECKS, UNIQUE_CHECKS=0 */;
/*!40014 SET @OLD_FOREIGN_KEY_CHECKS=@@FOREIGN_KEY_CHECKS, FOREIGN_KEY_CHECKS=0 */;
/*!40101 SET @OLD_SQL_MODE=@@SQL_MODE, SQL_MODE='NO_AUTO_VALUE_ON_ZERO' */;
/*!40111 SET @OLD_SQL_NOTES=@@SQL_NOTES, SQL_NOTES=0 */;
CREATE DATABASE /*!32312 IF NOT EXISTS*/`patient_tracking` /*!40100 DEFAULT CHARACTER SET latin1 */;

USE `patient_tracking`;

/*Table structure for table `floor` */

DROP TABLE IF EXISTS `floor`;

CREATE TABLE `floor` (
  `id` int(10) unsigned NOT NULL AUTO_INCREMENT,
  `label` varchar(50) NOT NULL,
  `description` varchar(500) DEFAULT NULL,
  `width` float NOT NULL,
  `height` float NOT NULL,
  `created_at` timestamp NULL DEFAULT '0000-00-00 00:00:00',
  `updated_at` timestamp NULL DEFAULT NULL,
  PRIMARY KEY (`id`)
) ENGINE=InnoDB AUTO_INCREMENT=3 DEFAULT CHARSET=latin1;

/*Data for the table `floor` */

insert  into `floor`(`id`,`label`,`description`,`width`,`height`,`created_at`,`updated_at`) values (1,'Floor 1','This is floor 1',10,5,'2012-09-10 22:40:09',NULL),(2,'Floor 2','This is floor 2',12.78,17.5,'2013-04-05 03:05:57',NULL);

/*Table structure for table `floor_manager` */

DROP TABLE IF EXISTS `floor_manager`;

CREATE TABLE `floor_manager` (
  `id` int(10) unsigned NOT NULL AUTO_INCREMENT,
  `userid` int(10) unsigned NOT NULL,
  `floorid` int(10) unsigned NOT NULL,
  `created_at` timestamp NULL DEFAULT CURRENT_TIMESTAMP,
  PRIMARY KEY (`id`),
  KEY `userid` (`userid`),
  KEY `floorid` (`floorid`),
  CONSTRAINT `floor_manager_ibfk_1` FOREIGN KEY (`userid`) REFERENCES `user` (`id`) ON DELETE CASCADE ON UPDATE CASCADE,
  CONSTRAINT `floor_manager_ibfk_2` FOREIGN KEY (`floorid`) REFERENCES `floor` (`id`) ON DELETE CASCADE ON UPDATE CASCADE
) ENGINE=InnoDB AUTO_INCREMENT=9 DEFAULT CHARSET=latin1;

/*Data for the table `floor_manager` */

insert  into `floor_manager`(`id`,`userid`,`floorid`,`created_at`) values (2,1,2,'2012-09-10 23:05:52'),(4,3,2,'2012-09-13 01:59:16'),(5,2,2,'2012-09-13 01:59:22'),(6,2,1,'2012-09-13 03:16:51'),(8,3,1,'2012-09-13 03:17:16');

/*Table structure for table `floor_map` */

DROP TABLE IF EXISTS `floor_map`;

CREATE TABLE `floor_map` (
  `id` int(10) unsigned NOT NULL AUTO_INCREMENT,
  `floor_id` int(10) unsigned NOT NULL,
  `file_type` varchar(10) DEFAULT NULL,
  `file_name` varchar(30) DEFAULT NULL,
  `file_ext` varchar(10) DEFAULT NULL,
  `file_path` varchar(100) DEFAULT NULL,
  `thumbnail_path` varchar(100) DEFAULT NULL,
  `created_at` timestamp NULL DEFAULT '0000-00-00 00:00:00',
  `updated_at` timestamp NULL DEFAULT NULL,
  PRIMARY KEY (`id`),
  KEY `floorid` (`floor_id`),
  KEY `floorid_2` (`floor_id`),
  CONSTRAINT `floor_map_ibfk_1` FOREIGN KEY (`floor_id`) REFERENCES `floor` (`id`) ON DELETE CASCADE ON UPDATE CASCADE
) ENGINE=InnoDB AUTO_INCREMENT=4 DEFAULT CHARSET=latin1;

/*Data for the table `floor_map` */

insert  into `floor_map`(`id`,`floor_id`,`file_type`,`file_name`,`file_ext`,`file_path`,`thumbnail_path`,`created_at`,`updated_at`) values (1,2,'image/png','2.png','png','images/floormaps/2.png','images/floormaps/thumbnail_2.png','2013-03-26 22:14:36',NULL),(3,1,'image/jpeg','sample1.jpg','jpg','images/floormaps/sample1.jpg','images/floormaps/thumbnail_sample1.jpg','2013-04-08 23:02:47',NULL);

/*Table structure for table `marker` */

DROP TABLE IF EXISTS `marker`;

CREATE TABLE `marker` (
  `id` int(10) unsigned NOT NULL AUTO_INCREMENT,
  `label` varchar(50) DEFAULT NULL,
  `mac` varchar(20) DEFAULT NULL,
  `floor_id` int(10) unsigned DEFAULT NULL,
  `position` smallint(5) unsigned NOT NULL,
  `coorx` float NOT NULL,
  `coory` float NOT NULL,
  `created_at` timestamp NULL DEFAULT '0000-00-00 00:00:00',
  `updated_at` timestamp NULL DEFAULT NULL,
  PRIMARY KEY (`id`),
  KEY `floorid` (`floor_id`),
  CONSTRAINT `marker_ibfk_1` FOREIGN KEY (`floor_id`) REFERENCES `floor` (`id`) ON DELETE SET NULL ON UPDATE CASCADE
) ENGINE=InnoDB AUTO_INCREMENT=18 DEFAULT CHARSET=latin1;

/*Data for the table `marker` */

insert  into `marker`(`id`,`label`,`mac`,`floor_id`,`position`,`coorx`,`coory`,`created_at`,`updated_at`) values (1,'F1M1',NULL,1,1,0,0,'2012-09-13 04:31:18',NULL),(2,'F1M2',NULL,1,2,5,0,'2012-09-13 04:31:18',NULL),(3,'F1M3',NULL,1,3,10,0,'2012-09-13 04:31:18',NULL),(4,'F1M4',NULL,1,4,10,5,'2012-09-13 04:31:18',NULL),(5,'F1M5',NULL,1,5,5,5,'2012-09-13 04:31:18',NULL),(6,'F1M6',NULL,1,6,0,5,'2012-09-13 04:31:18',NULL),(7,'3CB8',NULL,2,1,1,1,'2012-09-13 04:31:18',NULL),(8,'287B','',2,2,7.5,1,'2013-03-26 02:36:30',NULL),(9,'143E','',2,10,1,6.5,'2013-03-26 02:04:45',NULL),(10,'6532','',2,3,7.5,5,'2013-03-26 02:02:35',NULL),(11,'0001','',2,4,7.5,7.5,'2013-03-26 02:36:07',NULL),(12,'50F6','',2,9,1,9.5,'2013-03-26 02:37:19',NULL),(14,'5453','',2,5,7.5,12,'2013-03-26 02:03:13',NULL),(15,'5211','',2,8,1,12.5,'2013-03-26 01:59:52',NULL),(16,'06BC','',2,7,1,16.5,'2013-03-26 02:03:53',NULL),(17,'05F5','',2,6,7.5,16,'2013-03-26 02:03:35',NULL);

/*Table structure for table `nextofkin` */

DROP TABLE IF EXISTS `nextofkin`;

CREATE TABLE `nextofkin` (
  `id` int(10) unsigned NOT NULL AUTO_INCREMENT,
  `nric` varchar(20) NOT NULL,
  `first_name` varchar(100) NOT NULL,
  `last_name` varchar(100) NOT NULL,
  `contact` varchar(20) DEFAULT NULL,
  `email` varchar(50) DEFAULT NULL,
  `remark` varchar(500) DEFAULT NULL,
  `created_at` timestamp NULL DEFAULT '0000-00-00 00:00:00',
  `updated_at` timestamp NULL DEFAULT NULL,
  PRIMARY KEY (`id`),
  UNIQUE KEY `nric` (`nric`)
) ENGINE=InnoDB AUTO_INCREMENT=2 DEFAULT CHARSET=latin1;

/*Data for the table `nextofkin` */

insert  into `nextofkin`(`id`,`nric`,`first_name`,`last_name`,`contact`,`email`,`remark`,`created_at`,`updated_at`) values (1,'S123456','NextOfKin 1 FirstName','NextOfKin 1 LastName','813534','abc@gmail.com','','2012-09-14 08:35:03',NULL);

/*Table structure for table `quuppa_tag_info` */

DROP TABLE IF EXISTS `quuppa_tag_info`;

CREATE TABLE `quuppa_tag_info` (
  `id` int(10) unsigned NOT NULL AUTO_INCREMENT,
  `tagId` varchar(25) DEFAULT NULL,
  `name` varchar(50) DEFAULT NULL,
  `color` varchar(10) DEFAULT NULL,
  `lastPacketTS` bigint(20) unsigned DEFAULT NULL,
  `acceleration` varchar(50) DEFAULT NULL,
  `accelerationTS` bigint(20) unsigned DEFAULT NULL,
  `batteryVoltage` decimal(5,2) unsigned DEFAULT NULL,
  `batteryVoltageTS` bigint(20) unsigned DEFAULT NULL,
  `batteryAlarm` varchar(5) DEFAULT NULL COMMENT 'ok, low',
  `batteryAlarmTS` bigint(20) unsigned DEFAULT NULL,
  `buttonState` varchar(10) DEFAULT NULL COMMENT 'notPushed, pushed, null',
  `buttonStateTS` bigint(20) unsigned DEFAULT NULL,
  `tagState` varchar(20) DEFAULT NULL COMMENT 'default, temporary, triggered, null',
  `tagStateTS` bigint(20) unsigned DEFAULT NULL,
  `tagStateTransitionStatus` varchar(20) DEFAULT NULL COMMENT 'normal, aboutToExit, null',
  `tagStateTransitionStatusTS` bigint(20) unsigned DEFAULT NULL,
  `triggerCount` int(10) unsigned DEFAULT NULL,
  `triggerCountTS` bigint(20) unsigned DEFAULT NULL,
  `ioStates` varchar(50) DEFAULT NULL COMMENT '[''low'', ''high'', ''pulserate0'', ''pulserate1'', ''null'']',
  `ioStatesTS` bigint(20) unsigned DEFAULT NULL,
  `rssi` int(10) unsigned DEFAULT NULL COMMENT '[0, 63]',
  `rssiLocator` varchar(25) DEFAULT NULL,
  `rssiLocatorCoords` varchar(50) DEFAULT NULL,
  `rssiCoordinateSystemId` varchar(25) DEFAULT NULL,
  `rssiCoordinateSystemName` varchar(50) DEFAULT NULL,
  `rssiTS` int(20) unsigned DEFAULT NULL,
  `txRate` int(10) unsigned DEFAULT NULL,
  `txRateTS` int(20) unsigned DEFAULT NULL,
  `txPower` decimal(10,2) DEFAULT NULL COMMENT 'dBm',
  `txPowerTS` bigint(20) unsigned DEFAULT NULL,
  `lastAreaId` varchar(25) DEFAULT NULL,
  `lastAreaName` varchar(50) DEFAULT NULL,
  `lastAreaTS` bigint(20) unsigned DEFAULT NULL,
  `zones` varchar(100) DEFAULT NULL,
  `custom` varchar(10) DEFAULT NULL,
  `customTS` bigint(20) unsigned DEFAULT NULL,
  `accelerationX` int(10) DEFAULT NULL,
  `accelerationY` int(10) DEFAULT NULL,
  `accelerationZ` int(10) DEFAULT NULL,
  `rssiLocatorCoordX` decimal(10,2) DEFAULT NULL,
  `rssiLocatorCoordY` decimal(10,2) DEFAULT NULL,
  `rssiLocatorCoordZ` decimal(10,2) DEFAULT NULL,
  `created_at` timestamp NULL DEFAULT NULL,
  PRIMARY KEY (`id`)
) ENGINE=InnoDB AUTO_INCREMENT=7 DEFAULT CHARSET=latin1;

/*Data for the table `quuppa_tag_info` */

insert  into `quuppa_tag_info`(`id`,`tagId`,`name`,`color`,`lastPacketTS`,`acceleration`,`accelerationTS`,`batteryVoltage`,`batteryVoltageTS`,`batteryAlarm`,`batteryAlarmTS`,`buttonState`,`buttonStateTS`,`tagState`,`tagStateTS`,`tagStateTransitionStatus`,`tagStateTransitionStatusTS`,`triggerCount`,`triggerCountTS`,`ioStates`,`ioStatesTS`,`rssi`,`rssiLocator`,`rssiLocatorCoords`,`rssiCoordinateSystemId`,`rssiCoordinateSystemName`,`rssiTS`,`txRate`,`txRateTS`,`txPower`,`txPowerTS`,`lastAreaId`,`lastAreaName`,`lastAreaTS`,`zones`,`custom`,`customTS`,`accelerationX`,`accelerationY`,`accelerationZ`,`rssiLocatorCoordX`,`rssiLocatorCoordY`,`rssiLocatorCoordZ`,`created_at`) values (1,'001830ed4f4f','Trolley_099','#FF0000',1409746414540,'[-65, 0, -3]',1409746404528,'2.68',1409746423225,'ok',1409746423225,'notPushed',1409746414540,'default',1409746414540,'normal',1409746414540,34286,1409746394506,'[u\'low\', u\'low\', u\'low\', u\'low\']',1409746414540,28,'78c5e56f4078','[-18.95, 22.64, 4.3]','CoordinateSystem1',NULL,NULL,NULL,NULL,NULL,NULL,'TrackingArea1','KCM',1409746404525,'[]',NULL,1409746423224,-65,0,-3,'-18.95','22.64','4.30',NULL),(2,'001830ed4f4f','Trolley_099','#FF0000',1409746414540,'[-65, 0, -3]',1409746404528,'2.68',1409746423225,'ok',1409746423225,'notPushed',1409746414540,'default',1409746414540,'normal',1409746414540,34286,1409746394506,'[u\'low\', u\'low\', u\'low\', u\'low\']',1409746414540,28,'78c5e56f4078','[-18.95, 22.64, 4.3]','CoordinateSystem1',NULL,4294967295,NULL,NULL,NULL,NULL,'TrackingArea1','KCM',1409746404525,'[]',NULL,1409746423224,-65,0,-3,'-18.95','22.64','4.30',NULL),(3,'001830ed4f4f','Trolley_099','#FF0000',1409746414540,'[-65, 0, -3]',1409746404528,'2.68',1409746423225,'ok',1409746423225,'notPushed',1409746414540,'default',1409746414540,'normal',1409746414540,34286,1409746394506,'[u\'low\', u\'low\', u\'low\', u\'low\']',1409746414540,28,'78c5e56f4078','[-18.95, 22.64, 4.3]','CoordinateSystem1',NULL,4294967295,NULL,NULL,NULL,NULL,'TrackingArea1','KCM',1409746404525,'[]',NULL,1409746423224,-65,0,-3,'-18.95','22.64','4.30',NULL),(4,'001830ed4f4f','Trolley_099','#FF0000',1409746414540,'[-65, 0, -3]',1409746404528,'2.68',1409746423225,'ok',1409746423225,'notPushed',1409746414540,'default',1409746414540,'normal',1409746414540,34286,1409746394506,'[u\'low\', u\'low\', u\'low\', u\'low\']',1409746414540,28,'78c5e56f4078','[-18.95, 22.64, 4.3]','CoordinateSystem1',NULL,4294967295,NULL,NULL,NULL,NULL,'TrackingArea1','KCM',1409746404525,'[]',NULL,1409746423224,-65,0,-3,'-18.95','22.64','4.30',NULL),(5,'001830ed4f4f','Trolley_099','#FF0000',1409746414540,'[-65, 0, -3]',1409746404528,'2.68',1409746423225,'ok',1409746423225,'notPushed',1409746414540,'default',1409746414540,'normal',1409746414540,34286,1409746394506,'[u\'low\', u\'low\', u\'low\', u\'low\']',1409746414540,28,'78c5e56f4078','[-18.95, 22.64, 4.3]','CoordinateSystem1',NULL,4294967295,NULL,NULL,NULL,NULL,'TrackingArea1','KCM',1409746404525,'[]',NULL,1409746423224,-65,0,-3,'-18.95','22.64','4.30',NULL),(6,'001830ed4f4f','Trolley_099','#FF0000',1409746414540,'[-65, 0, -3]',1409746404528,'2.68',1409746423225,'ok',1409746423225,'notPushed',1409746414540,'default',1409746414540,'normal',1409746414540,34286,1409746394506,'[u\'low\', u\'low\', u\'low\', u\'low\']',1409746414540,28,'78c5e56f4078','[-18.95, 22.64, 4.3]','CoordinateSystem1',NULL,4294967295,NULL,NULL,NULL,NULL,'TrackingArea1','KCM',1409746404525,'[]',NULL,1409746423224,-65,0,-3,'-18.95','22.64','4.30',NULL);

/*Table structure for table `quuppa_tag_position` */

DROP TABLE IF EXISTS `quuppa_tag_position`;

CREATE TABLE `quuppa_tag_position` (
  `id` int(10) unsigned NOT NULL AUTO_INCREMENT,
  `tagId` varchar(25) DEFAULT NULL,
  `name` varchar(50) DEFAULT NULL,
  `color` varchar(10) DEFAULT NULL,
  `positionTS` bigint(20) unsigned DEFAULT NULL,
  `position` varchar(50) DEFAULT NULL,
  `smoothedPosition` varchar(50) DEFAULT NULL,
  `positionAccuracy` decimal(5,2) DEFAULT NULL,
  `areaId` varchar(25) DEFAULT NULL,
  `areaName` varchar(50) DEFAULT NULL,
  `zones` varchar(100) DEFAULT NULL,
  `coordinateSystemId` varchar(25) DEFAULT NULL,
  `coordinateSystemName` varchar(50) DEFAULT NULL,
  `covarianceMatrix` varchar(50) DEFAULT NULL,
  `positionX` decimal(10,2) DEFAULT NULL,
  `positionY` decimal(10,2) DEFAULT NULL,
  `positionZ` decimal(10,2) DEFAULT NULL,
  `smoothedPositionX` decimal(10,2) DEFAULT NULL,
  `smoothedPositionY` decimal(10,2) DEFAULT NULL,
  `smoothedPositionZ` decimal(10,2) DEFAULT NULL,
  `created_at` timestamp NOT NULL DEFAULT CURRENT_TIMESTAMP ON UPDATE CURRENT_TIMESTAMP,
  PRIMARY KEY (`id`)
) ENGINE=InnoDB AUTO_INCREMENT=16 DEFAULT CHARSET=latin1;

/*Data for the table `quuppa_tag_position` */

insert  into `quuppa_tag_position`(`id`,`tagId`,`name`,`color`,`positionTS`,`position`,`smoothedPosition`,`positionAccuracy`,`areaId`,`areaName`,`zones`,`coordinateSystemId`,`coordinateSystemName`,`covarianceMatrix`,`positionX`,`positionY`,`positionZ`,`smoothedPositionX`,`smoothedPositionY`,`smoothedPositionZ`,`created_at`) values (1,NULL,'Basket_010','#0000FF',NULL,'[-8.11, 25.06, 0.8]',NULL,NULL,NULL,NULL,'[{u\'id\': u\'Zone005\', u\'name\': u\'cashier\'}]',NULL,NULL,NULL,NULL,NULL,NULL,NULL,NULL,NULL,'2016-04-11 15:39:53'),(2,'001830ecece4','Basket_010','#0000FF',NULL,'[-8.11, 25.06, 0.8]','[-7.25, 25.42, 0.8]','0.57','TrackingArea1','KCM','[{u\'id\': u\'Zone005\', u\'name\': u\'cashier\'}]','CoordinateSystem1',NULL,'[0.24, 0.12, 0.12, 0.16]',NULL,NULL,NULL,NULL,NULL,NULL,'2016-04-11 16:11:29'),(3,'001830ecece4','Basket_010','#0000FF',NULL,'[-8.11, 25.06, 0.8]','[-7.25, 25.42, 0.8]','0.57','TrackingArea1','KCM','[{u\'id\': u\'Zone005\', u\'name\': u\'cashier\'}]','CoordinateSystem1',NULL,'[0.24, 0.12, 0.12, 0.16]',NULL,NULL,NULL,NULL,NULL,NULL,'2016-04-11 16:14:04'),(4,'001830ecece4','Basket_010','#0000FF',NULL,'[-8.11, 25.06, 0.8]','[-7.25, 25.42, 0.8]','0.57','TrackingArea1','KCM','[{u\'id\': u\'Zone005\', u\'name\': u\'cashier\'}]','CoordinateSystem1',NULL,'[0.24, 0.12, 0.12, 0.16]',NULL,NULL,NULL,NULL,NULL,NULL,'2016-04-11 16:15:38'),(5,'001830ecece4','Basket_010','#0000FF',NULL,'[-8.11, 25.06, 0.8]','[-7.25, 25.42, 0.8]','0.57','TrackingArea1','KCM','[{u\'id\': u\'Zone005\', u\'name\': u\'cashier\'}]','CoordinateSystem1',NULL,'[0.24, 0.12, 0.12, 0.16]',NULL,NULL,NULL,NULL,NULL,NULL,'2016-04-11 16:16:54'),(6,'001830ecece4','Basket_010','#0000FF',NULL,'[-8.11, 25.06, 0.8]','[-7.25, 25.42, 0.8]','0.57','TrackingArea1','KCM','[{u\'id\': u\'Zone005\', u\'name\': u\'cashier\'}]','CoordinateSystem1',NULL,'[0.24, 0.12, 0.12, 0.16]',NULL,NULL,NULL,NULL,NULL,NULL,'2016-04-11 16:18:08'),(7,'001830ecece4','Basket_010','#0000FF',NULL,'[-8.11, 25.06, 0.8]','[-7.25, 25.42, 0.8]','0.57','TrackingArea1','KCM','[{u\'id\': u\'Zone005\', u\'name\': u\'cashier\'}]','CoordinateSystem1',NULL,'[0.24, 0.12, 0.12, 0.16]',NULL,NULL,NULL,NULL,NULL,NULL,'2016-04-11 16:18:21'),(8,'001830ecece4','Basket_010','#0000FF',NULL,'[-8.11, 25.06, 0.8]','[-7.25, 25.42, 0.8]','0.57','TrackingArea1','KCM','[{u\'id\': u\'Zone005\', u\'name\': u\'cashier\'}]','CoordinateSystem1',NULL,'[0.24, 0.12, 0.12, 0.16]',NULL,NULL,NULL,NULL,NULL,NULL,'2016-04-11 16:20:01'),(9,'001830ecece4','Basket_010','#0000FF',1409746065430,'[-8.11, 25.06, 0.8]','[-7.25, 25.42, 0.8]','0.57','TrackingArea1','KCM','[{u\'id\': u\'Zone005\', u\'name\': u\'cashier\'}]','CoordinateSystem1',NULL,'[0.24, 0.12, 0.12, 0.16]',NULL,NULL,NULL,NULL,NULL,NULL,'2016-04-11 16:28:13'),(10,'001830ecece4','Basket_010','#0000FF',1409746065430,'[-8.11, 25.06, 0.8]','[-7.25, 25.42, 0.8]','0.57','TrackingArea1','KCM','[{u\'id\': u\'Zone005\', u\'name\': u\'cashier\'}]','CoordinateSystem1',NULL,'[0.24, 0.12, 0.12, 0.16]','-8.11',NULL,'0.80',NULL,NULL,NULL,'2016-04-11 16:29:59'),(11,'001830ecece4','Basket_010','#0000FF',1409746065430,'[-8.11, 25.06, 0.8]','[-7.25, 25.42, 0.8]','0.57','TrackingArea1','KCM','[{u\'id\': u\'Zone005\', u\'name\': u\'cashier\'}]','CoordinateSystem1',NULL,'[0.24, 0.12, 0.12, 0.16]','-8.11','25.06','0.80','-7.25','25.42','0.80','2016-04-11 16:32:28'),(12,'001830ecece4','Basket_010','#0000FF',1409746065430,'[-8.11, 25.06, 0.8]','[-7.25, 25.42, 0.8]','0.57','TrackingArea1','KCM','[{u\'id\': u\'Zone005\', u\'name\': u\'cashier\'}]','CoordinateSystem1',NULL,'[0.24, 0.12, 0.12, 0.16]','-8.11','25.06','0.80','-7.25','25.42','0.80','2016-04-11 18:14:44'),(13,'001830ed4f4f','Trolley_099','#FF0000',NULL,NULL,NULL,NULL,NULL,NULL,'[]',NULL,NULL,NULL,NULL,NULL,NULL,NULL,NULL,NULL,'2016-04-11 20:47:23'),(14,'001830ecece4','Basket_010','#0000FF',1409746065430,'[-8.11, 25.06, 0.8]','[-7.25, 25.42, 0.8]','0.57','TrackingArea1','KCM','[{u\'id\': u\'Zone005\', u\'name\': u\'cashier\'}]','CoordinateSystem1',NULL,'[0.24, 0.12, 0.12, 0.16]','-8.11','25.06','0.80','-7.25','25.42','0.80','2016-04-11 20:47:23'),(15,'001830ecf762','Basket_042','#0000FF',1409746057001,'[26.5, -12.83, 0.8]','[26.5, -12.83, 0.8]','0.88','TrackingArea1','KCM','[{u\'id\': u\'Zone001\', u\'name\': u\'Bread\'}]','CoordinateSystem1',NULL,'[0.27, -0.05, -0.05, 0.76]','26.50','-12.83','0.80','26.50','-12.83','0.80','2016-04-11 20:47:24');

/*Table structure for table `resident` */

DROP TABLE IF EXISTS `resident`;

CREATE TABLE `resident` (
  `id` int(10) unsigned NOT NULL AUTO_INCREMENT,
  `firstname` varchar(100) NOT NULL,
  `lastname` varchar(100) NOT NULL,
  `nric` varchar(20) NOT NULL,
  `gender` varchar(10) NOT NULL DEFAULT 'male' COMMENT 'male, female',
  `birthday` date DEFAULT '0000-00-00',
  `contact` varchar(20) DEFAULT NULL,
  `remark` varchar(500) DEFAULT NULL,
  `lastmodified` datetime DEFAULT '0000-00-00 00:00:00',
  PRIMARY KEY (`id`)
) ENGINE=InnoDB AUTO_INCREMENT=6 DEFAULT CHARSET=latin1;

/*Data for the table `resident` */

insert  into `resident`(`id`,`firstname`,`lastname`,`nric`,`gender`,`birthday`,`contact`,`remark`,`lastmodified`) values (1,'First Name 1','Last Name 1','NRIC 1','male','1950-01-01',NULL,NULL,'0000-00-00 00:00:00'),(2,'First Name 2','Last Name 2','NRIC 2','female','1951-01-01',NULL,NULL,'0000-00-00 00:00:00'),(3,'First Name 3','Last Name 3','NRIC 3','female','1951-01-01',NULL,NULL,'0000-00-00 00:00:00'),(4,'First Name 4','Last Name 4','NRIC 4','female','1951-01-01',NULL,NULL,'0000-00-00 00:00:00'),(5,'First Name 5','Last Name 5','NRIC 5','male','1951-01-01',NULL,NULL,'0000-00-00 00:00:00');

/*Table structure for table `resident_location` */

DROP TABLE IF EXISTS `resident_location`;

CREATE TABLE `resident_location` (
  `id` int(10) unsigned NOT NULL AUTO_INCREMENT,
  `resident_id` int(10) unsigned NOT NULL,
  `floor_id` int(10) unsigned NOT NULL,
  `coorx` float NOT NULL,
  `coory` float NOT NULL,
  `outside` int(2) DEFAULT '0' COMMENT '1=outside, 0=inside',
  `azimuth` float unsigned DEFAULT NULL COMMENT '[0-360) degree',
  `speed` float unsigned DEFAULT NULL,
  `created_at` datetime DEFAULT '0000-00-00 00:00:00',
  PRIMARY KEY (`id`),
  KEY `humanid` (`resident_id`),
  KEY `floorid` (`floor_id`),
  CONSTRAINT `resident_location_ibfk_1` FOREIGN KEY (`resident_id`) REFERENCES `resident` (`id`) ON DELETE CASCADE ON UPDATE CASCADE,
  CONSTRAINT `resident_location_ibfk_2` FOREIGN KEY (`floor_id`) REFERENCES `floor` (`id`) ON DELETE CASCADE ON UPDATE CASCADE
) ENGINE=InnoDB AUTO_INCREMENT=274940 DEFAULT CHARSET=latin1;

/*Data for the table `resident_location` */

insert  into `resident_location`(`id`,`resident_id`,`floor_id`,`coorx`,`coory`,`outside`,`azimuth`,`speed`,`created_at`) values (273939,3,2,3.75,11.5,-1,0,0.000000000361778,'2013-10-18 10:49:59'),(273940,2,2,2.25,11.25,-1,326.31,0.000000000652204,'2013-10-18 10:50:00'),(273941,5,2,3.75,4,-1,0,0,'2013-10-18 10:50:00'),(273942,2,2,2.5,11.25,-1,90,0.000000000180889,'2013-10-18 10:50:00'),(273943,3,2,3.25,12,-1,225,0.000000000511631,'2013-10-18 10:50:00'),(273944,2,2,3,11,-1,63.4349,0.00000000040448,'2013-10-18 10:50:00'),(273945,5,2,3.5,3.75,-1,315,0.000000000255815,'2013-10-18 10:50:00'),(273946,3,2,3.75,11.5,-1,45,0.000000000511631,'2013-10-18 10:50:00'),(273947,2,2,3,11,-1,0,0,'2013-10-18 10:50:01'),(273948,5,2,3,3.75,-1,270,0.000000000361778,'2013-10-18 10:50:01'),(273949,2,2,3,11.25,-1,180,0.000000000180889,'2013-10-18 10:50:01'),(273950,5,2,3.75,4.25,-1,123.69,0.000000000652204,'2013-10-18 10:50:06'),(273951,2,2,2.25,11.25,-1,270,0.000000000542666,'2013-10-18 10:50:07'),(273952,3,2,4,12,-1,153.435,0.00000000040448,'2013-10-18 10:50:07'),(273953,2,2,2.25,12,-1,180,0.000000000542666,'2013-10-18 10:50:07'),(273954,3,2,4,12,-1,0,0,'2013-10-18 10:50:07'),(273955,5,2,3.25,4.25,-1,270,0.000000000361778,'2013-10-18 10:50:07'),(273956,2,2,2.25,11.25,-1,0,0.000000000542666,'2013-10-18 10:50:07'),(273957,3,2,4,12,-1,0,0,'2013-10-18 10:50:07'),(273958,2,2,2.5,11,-1,45,0.000000000255815,'2013-10-18 10:50:08'),(273959,3,2,4,12,-1,0,0,'2013-10-18 10:50:08'),(273960,2,2,2,11.25,-1,243.435,0.00000000040448,'2013-10-18 10:50:08'),(273961,3,2,3.25,12,-1,270,0.000000000542666,'2013-10-18 10:50:13'),(273962,5,2,3.75,5.5,-1,158.199,0.000000000974116,'2013-10-18 10:50:13'),(273963,2,2,2,11,-1,0,0.000000000180889,'2013-10-18 10:50:14'),(273964,5,2,3.75,5.5,-1,0,0,'2013-10-18 10:50:14'),(273965,2,2,2,11.5,-1,180,0.000000000361778,'2013-10-18 10:50:14'),(273966,5,2,3.75,4,-1,0,0.00000000108533,'2013-10-18 10:50:14'),(273967,2,2,2,11.75,-1,180,0.000000000180889,'2013-10-18 10:50:14'),(273968,3,2,3.25,12,-1,0,0,'2013-10-18 10:50:14'),(273969,5,2,3.5,4,-1,270,0.000000000180889,'2013-10-18 10:50:14'),(273970,2,2,2,12,-1,180,0.000000000180889,'2013-10-18 10:50:15'),(273971,3,2,3.75,12,-1,90,0.000000000361778,'2013-10-18 10:50:15'),(273972,5,2,3.25,4,-1,270,0.000000000180889,'2013-10-18 10:50:15'),(273973,2,2,2.25,12.5,-1,153.435,0.00000000040448,'2013-10-18 10:50:15'),(273974,5,2,3,4.5,-1,206.565,0.00000000040448,'2013-10-18 10:50:20'),(273975,3,2,3.5,12.25,-1,225,0.000000000255815,'2013-10-18 10:50:20'),(273976,2,2,2.5,10.75,-1,8.1301,0.00000000127908,'2013-10-18 10:50:21'),(273977,5,2,3.25,5.25,-1,161.565,0.000000000572021,'2013-10-18 10:50:21'),(273978,3,2,3.5,12.25,-1,0,0,'2013-10-18 10:50:21'),(273979,2,2,3.25,10,-1,45,0.000000000767446,'2013-10-18 10:50:21'),(273980,3,2,3.5,12.25,-1,0,0,'2013-10-18 10:50:21'),(273981,2,2,2,12.5,-1,206.565,0.0000000020224,'2013-10-18 10:50:21'),(273982,5,2,3.5,5,-1,45,0.000000000255815,'2013-10-18 10:50:21'),(273983,2,2,2,11.25,-1,0,0.000000000904444,'2013-10-18 10:50:22'),(273984,5,2,4,6.25,-1,158.199,0.000000000974116,'2013-10-18 10:50:22'),(273985,3,2,3,12.25,-1,270,0.000000000361778,'2013-10-18 10:50:22'),(273986,2,2,2,11.25,-1,0,0,'2013-10-18 10:50:22'),(273987,5,2,2.75,4.5,-1,324.462,0.00000000155606,'2013-10-18 10:50:27'),(273988,3,2,3.5,12,-1,63.4349,0.00000000040448,'2013-10-18 10:50:28'),(273989,2,2,2.25,11.25,-1,90,0.000000000180889,'2013-10-18 10:50:28'),(273990,5,2,2.75,4.5,-1,0,0,'2013-10-18 10:50:28'),(273991,3,2,3.75,11.75,-1,45,0.000000000255815,'2013-10-18 10:50:28'),(273992,2,2,2.5,11.25,-1,90,0.000000000180889,'2013-10-18 10:50:28'),(273993,5,2,2.75,4.5,-1,0,0,'2013-10-18 10:50:28'),(273994,3,2,3.5,12.5,-1,198.435,0.000000000572021,'2013-10-18 10:50:29'),(273995,2,2,2,11.5,-1,243.435,0.00000000040448,'2013-10-18 10:50:29'),(273996,5,2,3,4.5,-1,90,0.000000000180889,'2013-10-18 10:50:29'),(273997,3,2,3.75,12.25,-1,45,0.000000000255815,'2013-10-18 10:50:29'),(273998,2,2,2,11.75,-1,180,0.000000000180889,'2013-10-18 10:50:29'),(273999,5,2,3.5,4.25,-1,63.4349,0.00000000040448,'2013-10-18 10:50:29'),(274000,3,2,4,12.25,-1,90,0.000000000180889,'2013-10-18 10:50:30'),(274001,2,2,2.25,12.25,-1,153.435,0.00000000040448,'2013-10-18 10:50:30'),(274002,2,2,2,12,-1,315,0.000000000255815,'2013-10-18 10:50:35'),(274003,3,2,3.75,11.25,-1,345.964,0.000000000745824,'2013-10-18 10:50:35'),(274004,5,2,2.75,4.5,-1,251.565,0.000000000572021,'2013-10-18 10:50:35'),(274005,2,2,2,12.5,-1,180,0.000000000361778,'2013-10-18 10:50:36'),(274006,5,2,2.75,4.5,-1,0,0,'2013-10-18 10:50:36'),(274007,3,2,3.75,11.25,-1,0,0,'2013-10-18 10:50:36'),(274008,2,2,2,11.25,-1,0,0.000000000904444,'2013-10-18 10:50:36'),(274009,5,2,2.75,4.5,-1,0,0,'2013-10-18 10:50:36'),(274010,3,2,3.75,11.25,-1,0,0,'2013-10-18 10:50:36'),(274011,2,2,2,11.25,-1,0,0,'2013-10-18 10:50:36'),(274012,5,2,2.75,4.5,-1,0,0,'2013-10-18 10:50:36'),(274013,3,2,3.5,11.5,-1,225,0.000000000255815,'2013-10-18 10:50:37'),(274014,2,2,2,11.25,-1,0,0,'2013-10-18 10:50:37'),(274015,5,2,2.75,4.5,-1,0,0,'2013-10-18 10:50:37'),(274016,3,2,3.75,12,-1,153.435,0.00000000040448,'2013-10-18 10:50:37'),(274017,2,2,2,11.25,-1,0,0,'2013-10-18 10:50:37'),(274018,5,2,2.25,4,-1,315,0.000000000511631,'2013-10-18 10:50:43'),(274019,2,2,2,11.5,-1,180,0.000000000180889,'2013-10-18 10:50:43'),(274020,3,2,4,12,-1,90,0.000000000180889,'2013-10-18 10:50:43'),(274021,5,2,1.75,3.5,-1,315,0.000000000511631,'2013-10-18 10:50:43'),(274022,2,2,2,11.75,-1,180,0.000000000180889,'2013-10-18 10:50:43'),(274023,3,2,3.5,11.5,-1,315,0.000000000511631,'2013-10-18 10:50:43'),(274024,2,2,2,12.25,-1,180,0.000000000361778,'2013-10-18 10:50:43'),(274025,3,2,3.25,11,-1,333.435,0.00000000040448,'2013-10-18 10:50:43'),(274026,2,2,2,12.25,-1,0,0,'2013-10-18 10:50:43'),(274027,5,2,3.5,4.75,-1,125.538,0.00000000155606,'2013-10-18 10:50:44'),(274028,2,2,2,11.75,-1,0,0.000000000361778,'2013-10-18 10:50:44'),(274029,3,2,3.75,11.25,-1,116.565,0.00000000040448,'2013-10-18 10:50:44'),(274030,5,2,3.25,5.75,-1,194.036,0.000000000745824,'2013-10-18 10:50:44'),(274031,2,2,2,11.75,-1,0,0,'2013-10-18 10:50:50'),(274032,5,2,2.25,3,-1,340.017,0.00000000211725,'2013-10-18 10:50:50'),(274033,2,2,2,12,-1,180,0.000000000180889,'2013-10-18 10:50:50'),(274034,3,2,3.25,11.5,-1,243.435,0.00000000040448,'2013-10-18 10:50:50'),(274035,5,2,2.5,3.5,-1,153.435,0.00000000040448,'2013-10-18 10:50:50'),(274036,2,2,2,11.5,-1,0,0.000000000361778,'2013-10-18 10:50:50'),(274037,5,2,2.75,4.25,-1,161.565,0.000000000572021,'2013-10-18 10:50:50'),(274038,2,2,2,11.75,-1,180,0.000000000180889,'2013-10-18 10:50:50'),(274039,5,2,3,4,-1,45,0.000000000255815,'2013-10-18 10:50:51'),(274040,2,2,2,12,-1,180,0.000000000180889,'2013-10-18 10:50:51'),(274041,3,2,4,11.5,-1,90,0.000000000542666,'2013-10-18 10:50:51'),(274042,5,2,3.25,4.5,-1,153.435,0.00000000040448,'2013-10-18 10:50:56'),(274043,3,2,4,11.25,-1,0,0.000000000180889,'2013-10-18 10:50:56'),(274044,2,2,2,11.75,-1,0,0.000000000180889,'2013-10-18 10:50:56'),(274045,3,2,4,11.25,-1,0,0,'2013-10-18 10:50:56'),(274046,5,2,3,4.75,-1,225,0.000000000255815,'2013-10-18 10:50:57'),(274047,2,2,2,12,-1,180,0.000000000180889,'2013-10-18 10:50:57'),(274048,3,2,4,11.5,-1,180,0.000000000180889,'2013-10-18 10:50:57'),(274049,5,2,2.5,5,-1,243.435,0.00000000040448,'2013-10-18 10:50:57'),(274050,2,2,2,11.5,-1,0,0.000000000361778,'2013-10-18 10:50:57'),(274051,5,2,2.5,5,-1,0,0,'2013-10-18 10:50:57'),(274052,3,2,4.25,10.75,-1,18.4349,0.000000000572021,'2013-10-18 10:50:58'),(274053,2,2,2,11.5,-1,0,0,'2013-10-18 10:50:58'),(274054,5,2,2.5,5.25,-1,180,0.000000000180889,'2013-10-18 10:50:58'),(274055,2,2,2,11.5,-1,0,0,'2013-10-18 10:51:03'),(274056,5,2,4,6,-1,116.565,0.00000000121344,'2013-10-18 10:51:03'),(274057,3,2,4.25,12,-1,180,0.000000000904444,'2013-10-18 10:51:04'),(274058,2,2,2,11.75,-1,180,0.000000000180889,'2013-10-18 10:51:04'),(274059,5,2,3.75,5.75,-1,315,0.000000000255815,'2013-10-18 10:51:04'),(274060,3,2,4,11.75,-1,315,0.000000000255815,'2013-10-18 10:51:04'),(274061,2,2,2,12,-1,180,0.000000000180889,'2013-10-18 10:51:04'),(274062,3,2,4,11.75,-1,0,0,'2013-10-18 10:51:05'),(274063,2,2,2,12.5,-1,180,0.000000000361778,'2013-10-18 10:51:05'),(274064,3,2,4,11.75,-1,0,0,'2013-10-18 10:51:05'),(274065,5,2,3.25,3.75,-1,345.964,0.00000000149165,'2013-10-18 10:51:05'),(274066,2,2,2,12.5,-1,0,0,'2013-10-18 10:51:06'),(274067,5,2,3.25,3.75,-1,0,0,'2013-10-18 10:51:06'),(274068,3,2,4,11.5,-1,0,0.000000000180889,'2013-10-18 10:51:06'),(274069,2,2,2,12.25,-1,0,0.000000000180889,'2013-10-18 10:51:06'),(274070,5,2,3.5,4.5,-1,161.565,0.000000000572021,'2013-10-18 10:51:11'),(274071,2,2,2,11.5,-1,0,0.000000000542666,'2013-10-18 10:51:11'),(274072,5,2,3,4.75,-1,243.435,0.00000000040448,'2013-10-18 10:51:11'),(274073,3,2,3.25,11.25,-1,288.435,0.000000000572021,'2013-10-18 10:51:12'),(274074,2,2,2,11.5,-1,0,0,'2013-10-18 10:51:12'),(274075,3,2,3.25,11.25,-1,0,0,'2013-10-18 10:51:12'),(274076,5,2,3.5,4.75,-1,90,0.000000000361778,'2013-10-18 10:51:12'),(274077,2,2,2,11.5,-1,0,0,'2013-10-18 10:51:12'),(274078,5,2,3.5,4.75,-1,0,0,'2013-10-18 10:51:12'),(274079,3,2,3.5,11.5,-1,135,0.000000000255815,'2013-10-18 10:51:13'),(274080,2,2,2,11.5,-1,0,0,'2013-10-18 10:51:13'),(274081,3,2,3.5,11.5,-1,0,0,'2013-10-18 10:51:13'),(274082,5,2,3.25,5.25,-1,206.565,0.00000000040448,'2013-10-18 10:51:13'),(274083,2,2,2,11.5,-1,0,0,'2013-10-18 10:51:13'),(274084,5,2,3.25,5.25,-1,0,0,'2013-10-18 10:51:13'),(274085,3,2,4,11.5,-1,90,0.000000000361778,'2013-10-18 10:51:14'),(274086,2,2,2,11.5,-1,0,0,'2013-10-18 10:51:19'),(274087,3,2,2.25,11.25,-1,278.13,0.00000000127908,'2013-10-18 10:51:19'),(274088,2,2,2,11.5,-1,0,0,'2013-10-18 10:51:19'),(274089,3,2,2.25,11.25,-1,0,0,'2013-10-18 10:51:19'),(274090,5,2,3.75,4.25,-1,26.5651,0.000000000808959,'2013-10-18 10:51:20'),(274091,2,2,2,11.75,-1,180,0.000000000180889,'2013-10-18 10:51:20'),(274092,3,2,2.5,11.75,-1,153.435,0.00000000040448,'2013-10-18 10:51:20'),(274093,2,2,2,12,-1,180,0.000000000180889,'2013-10-18 10:51:20'),(274094,5,2,3.75,4.25,-1,0,0,'2013-10-18 10:51:20'),(274095,3,2,2.75,11.75,-1,90,0.000000000180889,'2013-10-18 10:51:20'),(274096,2,2,2,11.5,-1,0,0.000000000361778,'2013-10-18 10:51:20'),(274097,3,2,2.75,11.75,-1,0,0,'2013-10-18 10:51:21'),(274098,5,2,3.75,4.25,-1,0,0,'2013-10-18 10:51:21'),(274099,2,2,2,11.5,-1,0,0,'2013-10-18 10:51:21'),(274100,3,2,3,11.5,-1,45,0.000000000255815,'2013-10-18 10:51:21'),(274101,2,2,2,11.5,-1,0,0,'2013-10-18 10:51:26'),(274102,5,2,3.75,4.25,-1,0,0,'2013-10-18 10:51:26'),(274103,3,2,3,11.75,-1,180,0.000000000180889,'2013-10-18 10:51:27'),(274104,2,2,2,11.5,-1,0,0,'2013-10-18 10:51:27'),(274105,3,2,2.75,11.25,-1,333.435,0.00000000040448,'2013-10-18 10:51:27'),(274106,2,2,2,11.5,-1,0,0,'2013-10-18 10:51:27'),(274107,3,2,2.75,11.25,-1,0,0,'2013-10-18 10:51:27'),(274108,2,2,2,11.5,-1,0,0,'2013-10-18 10:51:27'),(274109,3,2,2.75,11.25,-1,0,0,'2013-10-18 10:51:27'),(274110,5,2,3.75,4.25,-1,0,0,'2013-10-18 10:51:27'),(274111,2,2,2,11.5,-1,0,0,'2013-10-18 10:51:27'),(274112,5,2,3.75,4.25,-1,0,0,'2013-10-18 10:51:27'),(274113,3,2,2.25,11.5,-1,243.435,0.00000000040448,'2013-10-18 10:51:28'),(274114,3,2,3,11.25,-1,71.565,0.000000000572021,'2013-10-18 10:51:33'),(274115,2,2,2,11.5,-1,0,0,'2013-10-18 10:51:33'),(274116,3,2,3.25,11,-1,45,0.000000000255815,'2013-10-18 10:51:33'),(274117,5,2,3.75,4,-1,0,0.000000000180889,'2013-10-18 10:51:33'),(274118,2,2,2,11.5,-1,0,0,'2013-10-18 10:51:33'),(274119,5,2,3.75,4,-1,0,0,'2013-10-18 10:51:34'),(274120,3,2,3.25,11.25,-1,180,0.000000000180889,'2013-10-18 10:51:34'),(274121,2,2,2,11.5,-1,0,0,'2013-10-18 10:51:34'),(274122,5,2,3.5,4,-1,270,0.000000000180889,'2013-10-18 10:51:34'),(274123,3,2,3.5,11.5,-1,135,0.000000000255815,'2013-10-18 10:51:34'),(274124,2,2,2,11.5,-1,0,0,'2013-10-18 10:51:34'),(274125,3,2,3.5,11.5,-1,0,0,'2013-10-18 10:51:35'),(274126,5,2,3.25,4,-1,270,0.000000000180889,'2013-10-18 10:51:35'),(274127,3,2,4,12.25,-1,146.31,0.000000000652204,'2013-10-18 10:51:40'),(274128,5,2,4,4.5,-1,123.69,0.000000000652204,'2013-10-18 10:51:40'),(274129,2,2,2,11.5,-1,0,0,'2013-10-18 10:51:40'),(274130,3,2,3.75,12,-1,315,0.000000000255815,'2013-10-18 10:51:41'),(274131,5,2,4.25,4.75,-1,135,0.000000000255815,'2013-10-18 10:51:41'),(274132,2,2,2,11.5,-1,0,0,'2013-10-18 10:51:41'),(274133,3,2,3.75,11.75,-1,0,0.000000000180889,'2013-10-18 10:51:41'),(274134,5,2,4,4.5,-1,315,0.000000000255815,'2013-10-18 10:51:41'),(274135,2,2,2,11.5,-1,0,0,'2013-10-18 10:51:41'),(274136,3,2,3.75,11.75,-1,0,0,'2013-10-18 10:51:41'),(274137,5,2,4,5,-1,180,0.000000000361778,'2013-10-18 10:51:41'),(274138,2,2,2,11.5,-1,0,0,'2013-10-18 10:51:41'),(274139,5,2,4,5,-1,0,0,'2013-10-18 10:51:42'),(274140,3,2,3,11.25,-1,303.69,0.000000000652204,'2013-10-18 10:51:42'),(274141,2,2,2,11.5,-1,0,0,'2013-10-18 10:51:42'),(274142,2,2,2.75,11.75,-1,108.435,0.000000000572021,'2013-10-18 10:51:47'),(274143,5,2,4,4.25,-1,0,0.000000000542666,'2013-10-18 10:51:47'),(274144,2,2,2.75,11.75,-1,0,0,'2013-10-18 10:51:48'),(274145,3,2,3.75,12.5,-1,149.036,0.00000000105475,'2013-10-18 10:51:48'),(274146,5,2,4,4.25,-1,0,0,'2013-10-18 10:51:48'),(274147,2,2,2.5,11.75,-1,270,0.000000000180889,'2013-10-18 10:51:48'),(274148,3,2,4,12,-1,26.5651,0.00000000040448,'2013-10-18 10:51:48'),(274149,2,2,2,11.5,-1,296.565,0.00000000040448,'2013-10-18 10:51:48'),(274150,5,2,4,4.25,-1,0,0,'2013-10-18 10:51:49'),(274151,3,2,4.25,12.25,-1,135,0.000000000255815,'2013-10-18 10:51:49'),(274152,2,2,2,11.5,-1,0,0,'2013-10-18 10:51:49'),(274153,3,2,4.25,12.25,-1,0,0,'2013-10-18 10:51:49'),(274154,5,2,4,4.25,-1,0,0,'2013-10-18 10:51:49'),(274155,2,2,2,11.5,-1,0,0,'2013-10-18 10:51:50'),(274156,5,2,4,4.25,-1,0,0,'2013-10-18 10:51:55'),(274157,2,2,2,11.75,-1,180,0.000000000180889,'2013-10-18 10:51:55'),(274158,5,2,4,4.25,-1,0,0,'2013-10-18 10:51:55'),(274159,3,2,4,11.25,-1,345.964,0.000000000745824,'2013-10-18 10:51:55'),(274160,2,2,2.25,12,-1,135,0.000000000255815,'2013-10-18 10:51:55'),(274161,3,2,5,11.75,-1,116.565,0.000000000808959,'2013-10-18 10:51:56'),(274162,2,2,2.25,11.25,-1,0,0.000000000542666,'2013-10-18 10:51:56'),(274163,3,2,5,11.75,-1,0,0,'2013-10-18 10:51:56'),(274164,5,2,4,4.25,-1,0,0,'2013-10-18 10:51:56'),(274165,2,2,2.25,11.75,-1,180,0.000000000361778,'2013-10-18 10:51:56'),(274166,3,2,5,11.75,-1,0,0,'2013-10-18 10:51:57'),(274167,5,2,4,4.25,-1,0,0,'2013-10-18 10:51:57'),(274168,2,2,2.5,12.25,-1,153.435,0.00000000040448,'2013-10-18 10:51:57'),(274169,5,2,4,4.25,-1,0,0,'2013-10-18 10:51:57'),(274170,5,2,4.25,5.75,-1,170.538,0.0000000011003,'2013-10-18 10:52:03'),(274171,3,2,3.5,12,-1,260.538,0.0000000011003,'2013-10-18 10:52:03'),(274172,2,2,2,11.5,-1,326.31,0.000000000652204,'2013-10-18 10:52:03'),(274173,5,2,4,4.25,-1,350.538,0.0000000011003,'2013-10-18 10:52:03'),(274174,2,2,2,11.5,-1,0,0,'2013-10-18 10:52:03'),(274175,3,2,3.25,12.5,-1,206.565,0.00000000040448,'2013-10-18 10:52:03'),(274176,3,2,3.5,12.25,-1,45,0.000000000255815,'2013-10-18 10:52:03'),(274177,5,2,4,4.25,-1,0,0,'2013-10-18 10:52:04'),(274178,2,2,2,11.75,-1,180,0.000000000180889,'2013-10-18 10:52:04'),(274179,5,2,4,4.25,-1,0,0,'2013-10-18 10:52:04'),(274180,2,2,2,12.25,-1,180,0.000000000361778,'2013-10-18 10:52:04'),(274181,5,2,3.75,4.25,-1,270,0.000000000180889,'2013-10-18 10:52:10'),(274182,3,2,3.5,11.75,-1,0,0.000000000361778,'2013-10-18 10:52:10'),(274183,2,2,2,12.25,-1,0,0,'2013-10-18 10:52:10'),(274184,5,2,3.5,4.5,-1,225,0.000000000255815,'2013-10-18 10:52:10'),(274185,3,2,3.25,11.5,-1,315,0.000000000255815,'2013-10-18 10:52:10'),(274186,2,2,2,12,-1,0,0.000000000180889,'2013-10-18 10:52:10'),(274187,5,2,3.25,5,-1,206.565,0.00000000040448,'2013-10-18 10:52:10'),(274188,3,2,3.75,11.5,-1,90,0.000000000361778,'2013-10-18 10:52:11'),(274189,2,2,2,11.5,-1,0,0.000000000361778,'2013-10-18 10:52:11'),(274190,5,2,2.25,4.75,-1,284.036,0.000000000745824,'2013-10-18 10:52:11'),(274191,2,2,2,11.75,-1,180,0.000000000180889,'2013-10-18 10:52:11'),(274192,5,2,4.25,6.5,-1,131.186,0.00000000192287,'2013-10-18 10:52:11'),(274193,3,2,3.75,12,-1,180,0.000000000361778,'2013-10-18 10:52:11'),(274194,2,2,2,12,-1,180,0.000000000180889,'2013-10-18 10:52:12'),(274195,5,2,4,4.25,-1,353.66,0.00000000163802,'2013-10-18 10:52:17'),(274196,3,2,3.75,12,-1,0,0,'2013-10-18 10:52:17'),(274197,2,2,2,12.25,-1,180,0.000000000180889,'2013-10-18 10:52:17'),(274198,5,2,4,4.5,-1,180,0.000000000180889,'2013-10-18 10:52:17'),(274199,3,2,3.5,12.25,-1,225,0.000000000255815,'2013-10-18 10:52:17'),(274200,2,2,2,12,-1,0,0.000000000180889,'2013-10-18 10:52:17'),(274201,5,2,4.25,5,-1,153.435,0.00000000040448,'2013-10-18 10:52:18'),(274202,3,2,3.25,12.75,-1,206.565,0.00000000040448,'2013-10-18 10:52:18'),(274203,2,2,1.75,12,-1,270,0.000000000180889,'2013-10-18 10:52:18'),(274204,5,2,4.25,5,-1,0,0,'2013-10-18 10:52:18'),(274205,3,2,3.5,12.5,-1,45,0.000000000255815,'2013-10-18 10:52:18'),(274206,2,2,2,12.5,-1,153.435,0.00000000040448,'2013-10-18 10:52:19'),(274207,5,2,4,4.75,-1,315,0.000000000255815,'2013-10-18 10:52:19'),(274208,3,2,3.75,12.25,-1,45,0.000000000255815,'2013-10-18 10:52:19'),(274209,2,2,2,12.5,-1,0,0,'2013-10-18 10:52:19'),(274210,2,2,1,10.75,0,330.255,0.00000000145837,'2013-10-18 10:52:24'),(274211,5,2,4,4,-1,0,0.000000000542666,'2013-10-18 10:52:25'),(274212,3,2,3.25,11.75,-1,315,0.000000000511631,'2013-10-18 10:52:25'),(274213,2,2,2,11.5,-1,126.87,0.000000000904444,'2013-10-18 10:52:25'),(274214,5,2,4,4,-1,0,0,'2013-10-18 10:52:25'),(274215,3,2,3.5,11.5,-1,45,0.000000000255815,'2013-10-18 10:52:25'),(274216,2,2,2,11.5,-1,0,0,'2013-10-18 10:52:25'),(274217,5,2,4,4,-1,0,0,'2013-10-18 10:52:25'),(274218,3,2,3.25,11.25,-1,315,0.000000000255815,'2013-10-18 10:52:26'),(274219,2,2,2,11.75,-1,180,0.000000000180889,'2013-10-18 10:52:26'),(274220,5,2,4,4.25,-1,180,0.000000000180889,'2013-10-18 10:52:26'),(274221,3,2,3.5,11.5,-1,135,0.000000000255815,'2013-10-18 10:52:26'),(274222,2,2,2.25,12,-1,135,0.000000000255815,'2013-10-18 10:52:26'),(274223,5,2,4,4.25,-1,0,0,'2013-10-18 10:52:27'),(274224,3,2,3.75,12,-1,153.435,0.00000000040448,'2013-10-18 10:52:27'),(274225,2,2,2.5,12.5,-1,153.435,0.00000000040448,'2013-10-18 10:52:27'),(274226,5,2,4.25,4.5,-1,135,0.000000000255815,'2013-10-18 10:52:32'),(274227,3,2,3.5,10.5,-1,350.538,0.0000000011003,'2013-10-18 10:52:32'),(274228,2,2,1.25,11.25,-1,315,0.00000000127908,'2013-10-18 10:52:33'),(274229,3,2,3,11.25,-1,213.69,0.000000000652204,'2013-10-18 10:52:33'),(274230,2,2,1.5,11.25,-1,90,0.000000000180889,'2013-10-18 10:52:33'),(274231,3,2,3,11.25,-1,0,0,'2013-10-18 10:52:33'),(274232,5,2,4,4,-1,333.435,0.00000000040448,'2013-10-18 10:52:33'),(274233,2,2,1,11,0,296.565,0.00000000040448,'2013-10-18 10:52:33'),(274234,3,2,3,11.75,-1,180,0.000000000361778,'2013-10-18 10:52:33'),(274235,5,2,4,4,-1,0,0,'2013-10-18 10:52:33'),(274236,2,2,1,11,0,0,0,'2013-10-18 10:52:34'),(274237,5,2,4,4,-1,0,0,'2013-10-18 10:52:34'),(274238,3,2,3,11.75,-1,0,0,'2013-10-18 10:52:34'),(274239,2,2,1.5,11,-1,90,0.000000000361778,'2013-10-18 10:52:34'),(274240,3,2,3,11.75,-1,0,0,'2013-10-18 10:52:34'),(274241,5,2,4,4,-1,0,0,'2013-10-18 10:52:35'),(274242,5,2,4,4.25,-1,180,0.000000000180889,'2013-10-18 10:52:40'),(274243,3,2,3.25,11,-1,18.4349,0.000000000572021,'2013-10-18 10:52:40'),(274244,2,2,1,11.25,0,243.435,0.00000000040448,'2013-10-18 10:52:40'),(274245,5,2,4,4.25,-1,0,0,'2013-10-18 10:52:40'),(274246,3,2,3.25,11.25,-1,180,0.000000000180889,'2013-10-18 10:52:41'),(274247,2,2,1,11.25,0,0,0,'2013-10-18 10:52:41'),(274248,3,2,3.25,11.25,-1,0,0,'2013-10-18 10:52:41'),(274249,5,2,4,4.25,-1,0,0,'2013-10-18 10:52:41'),(274250,2,2,1,11.25,0,0,0,'2013-10-18 10:52:41'),(274251,5,2,4,4.25,-1,0,0,'2013-10-18 10:52:41'),(274252,2,2,1.25,11.25,-1,90,0.000000000180889,'2013-10-18 10:52:41'),(274253,5,2,4,4.25,-1,0,0,'2013-10-18 10:52:42'),(274254,3,2,3.25,11.5,-1,180,0.000000000180889,'2013-10-18 10:52:42'),(274255,2,2,1.5,11.25,-1,90,0.000000000180889,'2013-10-18 10:52:42'),(274256,3,2,3.5,11.75,-1,135,0.000000000255815,'2013-10-18 10:52:47'),(274257,5,2,4,5.25,-1,180,0.000000000723555,'2013-10-18 10:52:47'),(274258,2,2,1.75,11.25,-1,90,0.000000000180889,'2013-10-18 10:52:47'),(274259,3,2,3.5,11.75,-1,0,0,'2013-10-18 10:52:47'),(274260,5,2,4,4.25,-1,0,0.000000000723555,'2013-10-18 10:52:48'),(274261,2,2,1.75,11.25,-1,0,0,'2013-10-18 10:52:48'),(274262,3,2,3.25,11.5,-1,315,0.000000000255815,'2013-10-18 10:52:48'),(274263,5,2,4,4.25,-1,0,0,'2013-10-18 10:52:48'),(274264,2,2,1.5,11.25,-1,270,0.000000000180889,'2013-10-18 10:52:48'),(274265,5,2,4,4.25,-1,0,0,'2013-10-18 10:52:48'),(274266,2,2,1.25,11.25,-1,270,0.000000000180889,'2013-10-18 10:52:48'),(274267,5,2,4,4.25,-1,0,0,'2013-10-18 10:52:49'),(274268,3,2,3.25,11,-1,0,0.000000000361778,'2013-10-18 10:52:49'),(274269,2,2,1.5,11.25,-1,90,0.000000000180889,'2013-10-18 10:52:49'),(274270,3,2,3.25,11,-1,0,0,'2013-10-18 10:52:49'),(274271,2,2,1,11.25,0,270,0.000000000361778,'2013-10-18 10:52:49'),(274272,5,2,4.25,4.75,-1,153.435,0.00000000040448,'2013-10-18 10:52:54'),(274273,2,2,1.75,11.25,-1,90,0.000000000542666,'2013-10-18 10:52:54'),(274274,3,2,3,12.5,-1,189.462,0.0000000011003,'2013-10-18 10:52:55'),(274275,5,2,4,4.5,-1,315,0.000000000255815,'2013-10-18 10:52:55'),(274276,2,2,1.75,11.25,-1,0,0,'2013-10-18 10:52:55'),(274277,3,2,3,11.5,-1,0,0.000000000723555,'2013-10-18 10:52:55'),(274278,5,2,4.25,4.75,-1,135,0.000000000255815,'2013-10-18 10:52:55'),(274279,2,2,1.75,11.25,-1,0,0,'2013-10-18 10:52:56'),(274280,5,2,4,4.5,-1,315,0.000000000255815,'2013-10-18 10:52:56'),(274281,3,2,3.25,11.25,-1,45,0.000000000255815,'2013-10-18 10:52:56'),(274282,2,2,1.75,11.25,-1,0,0,'2013-10-18 10:52:56'),(274283,3,2,3.25,11.25,-1,0,0,'2013-10-18 10:52:56'),(274284,5,2,4,4.75,-1,180,0.000000000180889,'2013-10-18 10:52:57'),(274285,2,2,1.75,11.25,-1,0,0,'2013-10-18 10:52:57'),(274286,3,2,2.75,12,-1,213.69,0.000000000652204,'2013-10-18 10:53:02'),(274287,5,2,4,4.25,-1,0,0.000000000361778,'2013-10-18 10:53:02'),(274288,2,2,2,11.75,-1,153.435,0.00000000040448,'2013-10-18 10:53:02'),(274289,3,2,2.75,12,-1,0,0,'2013-10-18 10:53:02'),(274290,2,2,2,12,-1,180,0.000000000180889,'2013-10-18 10:53:03'),(274291,5,2,4,4.25,-1,0,0,'2013-10-18 10:53:03'),(274292,2,2,2,12.5,-1,180,0.000000000361778,'2013-10-18 10:53:03'),(274293,5,2,4,4.25,-1,0,0,'2013-10-18 10:53:03'),(274294,3,2,2.75,12,-1,0,0,'2013-10-18 10:53:03'),(274295,2,2,2,12.5,-1,0,0,'2013-10-18 10:53:03'),(274296,3,2,2.75,12.5,-1,180,0.000000000361778,'2013-10-18 10:53:04'),(274297,2,2,2,12.5,-1,0,0,'2013-10-18 10:53:04'),(274298,3,2,3,11.75,-1,18.4349,0.000000000572021,'2013-10-18 10:53:09'),(274299,5,2,4,4.25,-1,0,0,'2013-10-18 10:53:09'),(274300,2,2,2,11.25,-1,0,0.000000000904444,'2013-10-18 10:53:09'),(274301,3,2,3,11.75,-1,0,0,'2013-10-18 10:53:10'),(274302,5,2,4,4.25,-1,0,0,'2013-10-18 10:53:10'),(274303,2,2,2,11.25,-1,0,0,'2013-10-18 10:53:10'),(274304,5,2,4,4.25,-1,0,0,'2013-10-18 10:53:10'),(274305,3,2,3,11.5,-1,0,0.000000000180889,'2013-10-18 10:53:10'),(274306,2,2,2,11,-1,0,0.000000000180889,'2013-10-18 10:53:10'),(274307,3,2,3,11.5,-1,0,0,'2013-10-18 10:53:11'),(274308,5,2,4,4.25,-1,0,0,'2013-10-18 10:53:11'),(274309,2,2,2,11.5,-1,180,0.000000000361778,'2013-10-18 10:53:11'),(274310,2,2,2,11.5,-1,0,0,'2013-10-18 10:53:16'),(274311,3,2,3.25,12,-1,153.435,0.00000000040448,'2013-10-18 10:53:16'),(274312,2,2,2,11.75,-1,180,0.000000000180889,'2013-10-18 10:53:16'),(274313,5,2,3.5,4,-1,296.565,0.00000000040448,'2013-10-18 10:53:17'),(274314,5,2,3.25,3.75,-1,315,0.000000000255815,'2013-10-18 10:53:17'),(274315,5,2,3.25,3.75,-1,0,0,'2013-10-18 10:53:17'),(274316,3,2,3,11.75,-1,315,0.000000000255815,'2013-10-18 10:53:17'),(274317,2,2,2,11.25,-1,0,0.000000000361778,'2013-10-18 10:53:17'),(274318,2,2,2,11.5,-1,180,0.000000000180889,'2013-10-18 10:53:22'),(274319,5,2,3.75,5.75,-1,165.964,0.00000000149165,'2013-10-18 10:53:23'),(274320,2,2,2,11.5,-1,0,0,'2013-10-18 10:53:23'),(274321,3,2,3.25,11.75,-1,90,0.000000000180889,'2013-10-18 10:53:23'),(274322,5,2,3.25,4.5,-1,338.199,0.000000000974116,'2013-10-18 10:53:23'),(274323,2,2,2,11.5,-1,0,0,'2013-10-18 10:53:23'),(274324,5,2,4,4.25,-1,71.565,0.00000000057202,'2013-10-18 10:53:23'),(274325,2,2,2,11.5,-1,0,0,'2013-10-18 10:53:23'),(274326,5,2,4,4.25,-1,0,0,'2013-10-18 10:53:24'),(274327,3,2,3.25,11.5,-1,0,0.000000000180889,'2013-10-18 10:53:24'),(274328,5,2,4.25,4.5,-1,135,0.000000000255815,'2013-10-18 10:53:24'),(274329,3,2,2.75,12,-1,225,0.000000000511631,'2013-10-18 10:53:29'),(274330,5,2,3.25,4,-1,296.565,0.000000000808959,'2013-10-18 10:53:29'),(274331,3,2,2.75,11.5,-1,0,0.000000000361778,'2013-10-18 10:53:29'),(274332,5,2,3.75,4.5,-1,135,0.000000000511631,'2013-10-18 10:53:29'),(274333,5,2,3.75,4.5,-1,0,0,'2013-10-18 10:53:30'),(274334,2,2,1.75,11.75,-1,225,0.000000000255815,'2013-10-18 10:53:30'),(274335,3,2,2.75,11.5,-1,0,0,'2013-10-18 10:53:30'),(274336,2,2,1.5,11,-1,341.565,0.00000000057202,'2013-10-18 10:53:30'),(274337,5,2,4,6,-1,170.538,0.0000000011003,'2013-10-18 10:53:30'),(274338,3,2,2.75,11.75,-1,180,0.000000000180889,'2013-10-18 10:53:35'),(274339,5,2,3.25,3.5,-1,343.301,0.00000000188853,'2013-10-18 10:53:36'),(274340,5,2,3.25,3.5,-1,0,0,'2013-10-18 10:53:36'),(274341,3,2,2.75,11.75,-1,0,0,'2013-10-18 10:53:36'),(274342,5,2,3.25,4.25,-1,180,0.000000000542666,'2013-10-18 10:53:36'),(274343,3,2,2.75,11.75,-1,0,0,'2013-10-18 10:53:36'),(274344,3,2,2.75,11.75,-1,0,0,'2013-10-18 10:53:36'),(274345,5,2,3.75,4,-1,63.4349,0.00000000040448,'2013-10-18 10:53:36'),(274346,2,2,1.75,11.5,-1,153.435,0.00000000040448,'2013-10-18 10:53:37'),(274347,3,2,2.75,12,-1,180,0.000000000180889,'2013-10-18 10:53:37'),(274348,3,2,2.75,12,-1,0,0,'2013-10-18 10:53:42'),(274349,2,2,0,23.5,0,NULL,NULL,'2013-10-18 10:53:42'),(274350,5,2,3,3.75,-1,288.435,0.00000000057202,'2013-10-18 10:53:42'),(274351,2,2,2.75,12.25,-1,126.87,0.000000000904444,'2013-10-18 10:53:43'),(274352,3,2,2.75,12.5,-1,180,0.000000000361778,'2013-10-18 10:53:43'),(274353,3,2,2.75,12.25,-1,0,0.000000000180889,'2013-10-18 10:53:43'),(274354,5,2,3.5,3.75,-1,90,0.000000000361778,'2013-10-18 10:53:43'),(274355,5,2,3.5,3.75,-1,0,0,'2013-10-18 10:53:43'),(274356,2,2,2.75,13,-1,180,0.000000000542666,'2013-10-18 10:53:43'),(274357,3,2,2.75,11.75,-1,0,0.000000000361778,'2013-10-18 10:53:44'),(274358,2,2,2.25,12.75,-1,296.565,0.00000000040448,'2013-10-18 10:53:49'),(274359,3,2,2.75,11.5,-1,0,0.000000000180889,'2013-10-18 10:53:49'),(274360,5,2,3.5,4,-1,180,0.000000000180889,'2013-10-18 10:53:49'),(274361,2,2,2.5,12.75,-1,90,0.000000000180889,'2013-10-18 10:53:49'),(274362,3,2,2.75,11.5,-1,0,0,'2013-10-18 10:53:50'),(274363,5,2,3.25,3.75,-1,315,0.000000000255815,'2013-10-18 10:53:50'),(274364,2,2,3,13,-1,116.565,0.00000000040448,'2013-10-18 10:53:50'),(274365,3,2,2.75,11.5,-1,0,0,'2013-10-18 10:53:50'),(274366,5,2,2.75,3.25,-1,315,0.000000000511631,'2013-10-18 10:53:50'),(274367,5,2,2.75,3.25,-1,0,0,'2013-10-18 10:53:50'),(274368,3,2,2.5,11.25,-1,315,0.000000000255815,'2013-10-18 10:53:50'),(274369,2,2,2.75,12.75,-1,315,0.000000000255815,'2013-10-18 10:53:51'),(274370,5,2,3.25,4,-1,146.31,0.000000000652204,'2013-10-18 10:53:51'),(274371,2,2,3,12.25,-1,26.5651,0.00000000040448,'2013-10-18 10:53:56'),(274372,5,2,3.75,4,-1,90,0.000000000361778,'2013-10-18 10:53:56'),(274373,2,2,3,12.5,-1,180,0.000000000180889,'2013-10-18 10:53:56'),(274374,3,2,2.75,11.5,-1,135,0.000000000255815,'2013-10-18 10:53:57'),(274375,5,2,3.75,4,-1,0,0,'2013-10-18 10:53:57'),(274376,2,2,2.75,12.25,-1,315,0.000000000255815,'2013-10-18 10:53:57'),(274377,3,2,2.75,11.5,-1,0,0,'2013-10-18 10:53:57'),(274378,5,2,3.75,4,-1,0,0,'2013-10-18 10:53:57'),(274379,2,2,2.5,12.5,-1,225,0.000000000255815,'2013-10-18 10:53:58'),(274380,3,2,2.75,11.5,-1,0,0,'2013-10-18 10:53:58'),(274381,5,2,3.75,4,-1,0,0,'2013-10-18 10:53:58'),(274382,3,2,2.75,11.5,-1,0,0,'2013-10-18 10:53:58'),(274383,5,2,3.75,4,-1,0,0,'2013-10-18 10:53:58'),(274384,2,2,3,12.25,-1,63.4349,0.00000000040448,'2013-10-18 10:54:03'),(274385,3,2,3.25,11.75,-1,116.565,0.00000000040448,'2013-10-18 10:54:04'),(274386,2,2,3,12.75,-1,180,0.000000000361778,'2013-10-18 10:54:04'),(274387,5,2,4.25,4.5,-1,135,0.000000000511631,'2013-10-18 10:54:04'),(274388,3,2,3.5,11.75,-1,90,0.000000000180889,'2013-10-18 10:54:04'),(274389,2,2,2.75,12.25,-1,333.435,0.00000000040448,'2013-10-18 10:54:04'),(274390,3,2,2.75,11.25,-1,303.69,0.000000000652204,'2013-10-18 10:54:04'),(274391,2,2,2.75,12,-1,0,0.000000000180889,'2013-10-18 10:54:04'),(274392,5,2,3.75,4,-1,315,0.000000000511631,'2013-10-18 10:54:05'),(274393,2,2,2.5,12.25,-1,225,0.000000000255815,'2013-10-18 10:54:05'),(274394,5,2,3.75,4,-1,0,0,'2013-10-18 10:54:05'),(274395,2,2,2.5,11.75,-1,0,0.000000000361778,'2013-10-18 10:54:05'),(274396,3,2,2.75,12,-1,180,0.000000000542666,'2013-10-18 10:54:05'),(274397,3,2,2.75,10.75,-1,0,0.000000000904444,'2013-10-18 10:54:10'),(274398,2,2,3.25,13,-1,149.036,0.00000000105475,'2013-10-18 10:54:10'),(274399,3,2,2.75,10.75,-1,0,0,'2013-10-18 10:54:11'),(274400,5,2,4,4.25,-1,135,0.000000000255815,'2013-10-18 10:54:11'),(274401,2,2,3.25,13,-1,0,0,'2013-10-18 10:54:11'),(274402,3,2,2.75,10.75,-1,0,0,'2013-10-18 10:54:11'),(274403,5,2,4,4.25,-1,0,0,'2013-10-18 10:54:11'),(274404,2,2,3.25,12.75,-1,0,0.000000000180889,'2013-10-18 10:54:11'),(274405,5,2,4,4.25,-1,0,0,'2013-10-18 10:54:12'),(274406,3,2,2.75,12,-1,180,0.000000000904444,'2013-10-18 10:54:12'),(274407,2,2,3,12.5,-1,315,0.000000000255815,'2013-10-18 10:54:12'),(274408,3,2,2.75,11.25,-1,0,0.000000000542666,'2013-10-18 10:54:12'),(274409,5,2,4,4.25,-1,0,0,'2013-10-18 10:54:12'),(274410,2,2,2.25,12,-1,303.69,0.000000000652204,'2013-10-18 10:54:17'),(274411,3,2,4,12.25,-1,128.66,0.00000000115825,'2013-10-18 10:54:18'),(274412,5,2,3.5,3,-1,338.199,0.000000000974116,'2013-10-18 10:54:18'),(274413,2,2,2.5,12.75,-1,161.565,0.00000000057202,'2013-10-18 10:54:18'),(274414,3,2,2.75,11.75,-1,291.801,0.000000000974116,'2013-10-18 10:54:18'),(274415,5,2,3.5,3.25,-1,180,0.000000000180889,'2013-10-18 10:54:18'),(274416,2,2,2.75,12.75,-1,90,0.000000000180889,'2013-10-18 10:54:18'),(274417,3,2,3,11.25,-1,26.5651,0.00000000040448,'2013-10-18 10:54:18'),(274418,5,2,3.75,3.75,-1,153.435,0.00000000040448,'2013-10-18 10:54:18'),(274419,2,2,3.25,13,-1,116.565,0.00000000040448,'2013-10-18 10:54:19'),(274420,3,2,3,11.75,-1,180,0.000000000361778,'2013-10-18 10:54:19'),(274421,2,2,3.25,13,-1,0,0,'2013-10-18 10:54:19'),(274422,5,2,4,4.25,-1,153.435,0.00000000040448,'2013-10-18 10:54:19'),(274423,3,2,2.75,11.25,-1,333.435,0.00000000040448,'2013-10-18 10:54:19'),(274424,2,2,3.25,13,-1,0,0,'2013-10-18 10:54:19'),(274425,5,2,4,4.25,-1,0,0,'2013-10-18 10:54:19'),(274426,2,2,2,12.25,-1,300.964,0.00000000105475,'2013-10-18 10:54:25'),(274427,3,2,3.25,12.25,-1,153.435,0.000000000808959,'2013-10-18 10:54:25'),(274428,5,2,3.75,4,-1,315,0.000000000255815,'2013-10-18 10:54:25'),(274429,2,2,2,11.75,-1,0,0.000000000361778,'2013-10-18 10:54:25'),(274430,3,2,3.25,12.5,-1,180,0.000000000180889,'2013-10-18 10:54:25'),(274431,5,2,3.75,3.75,-1,0,0.000000000180889,'2013-10-18 10:54:25'),(274432,2,2,2,11.75,-1,0,0,'2013-10-18 10:54:25'),(274433,3,2,3.5,12.25,-1,45,0.000000000255815,'2013-10-18 10:54:26'),(274434,5,2,3.75,3.5,-1,0,0.000000000180889,'2013-10-18 10:54:26'),(274435,2,2,2.25,12.25,-1,153.435,0.00000000040448,'2013-10-18 10:54:26'),(274436,3,2,3.5,12.5,-1,180,0.000000000180889,'2013-10-18 10:54:26'),(274437,5,2,3.5,3,-1,333.435,0.00000000040448,'2013-10-18 10:54:26'),(274438,5,2,3.25,3.5,-1,206.565,0.00000000040448,'2013-10-18 10:54:31'),(274439,2,2,2,12.5,-1,225,0.000000000255815,'2013-10-18 10:54:32'),(274440,5,2,3.25,3.5,-1,0,0,'2013-10-18 10:54:32'),(274441,2,2,2,12.5,-1,0,0,'2013-10-18 10:54:32'),(274442,3,2,3,12.25,-1,296.565,0.00000000040448,'2013-10-18 10:54:32'),(274443,2,2,2,12.5,-1,0,0,'2013-10-18 10:54:32'),(274444,3,2,3.25,12.75,-1,153.435,0.00000000040448,'2013-10-18 10:54:32'),(274445,2,2,2,12.5,-1,0,0,'2013-10-18 10:54:32'),(274446,3,2,3.25,12.5,-1,0,0.000000000180889,'2013-10-18 10:54:33'),(274447,2,2,2.25,12,-1,26.5651,0.00000000040448,'2013-10-18 10:54:38'),(274448,3,2,3,12,-1,333.435,0.00000000040448,'2013-10-18 10:54:38'),(274449,2,2,2.5,12.5,-1,153.435,0.00000000040448,'2013-10-18 10:54:38'),(274450,5,2,3.5,3.75,-1,135,0.000000000255815,'2013-10-18 10:54:38'),(274451,3,2,3,12.25,-1,180,0.000000000180889,'2013-10-18 10:54:38'),(274452,2,2,2,12,-1,315,0.000000000511631,'2013-10-18 10:54:38'),(274453,5,2,3.5,3.75,-1,0,0,'2013-10-18 10:54:38'),(274454,3,2,3.25,12.5,-1,135,0.000000000255815,'2013-10-18 10:54:39'),(274455,5,2,3.25,3.25,-1,333.435,0.00000000040448,'2013-10-18 10:54:39'),(274456,2,2,2,12.5,-1,180,0.000000000361778,'2013-10-18 10:54:39'),(274457,3,2,3.25,12.5,-1,0,0,'2013-10-18 10:54:39'),(274458,2,2,2,12.5,-1,0,0,'2013-10-18 10:54:39'),(274459,3,2,3.25,12.25,-1,0,0.000000000180889,'2013-10-18 10:54:39'),(274460,2,2,1.75,11.5,-1,345.964,0.000000000745823,'2013-10-18 10:54:44'),(274461,3,2,3,12.5,-1,225,0.000000000255815,'2013-10-18 10:54:45'),(274462,5,2,2.75,3,-1,296.565,0.00000000040448,'2013-10-18 10:54:45'),(274463,2,2,1.75,11.5,-1,0,0,'2013-10-18 10:54:45'),(274464,3,2,3.25,13,-1,153.435,0.00000000040448,'2013-10-18 10:54:45'),(274465,5,2,3.25,3.25,-1,116.565,0.00000000040448,'2013-10-18 10:54:45'),(274466,2,2,2,11.5,-1,90,0.000000000180889,'2013-10-18 10:54:45'),(274467,3,2,3.25,12.75,-1,0,0.000000000180889,'2013-10-18 10:54:46'),(274468,5,2,3,3.5,-1,225,0.000000000255815,'2013-10-18 10:54:46'),(274469,2,2,2,11.75,-1,180,0.000000000180889,'2013-10-18 10:54:46'),(274470,5,2,3,4,-1,180,0.000000000361778,'2013-10-18 10:54:46'),(274471,2,2,2.25,12.25,-1,153.435,0.00000000040448,'2013-10-18 10:54:46'),(274472,5,2,3.25,3.5,-1,26.5651,0.00000000040448,'2013-10-18 10:54:46'),(274473,3,2,3.5,12.25,-1,26.5651,0.00000000040448,'2013-10-18 10:54:51'),(274474,5,2,3.25,4.75,-1,180,0.000000000904444,'2013-10-18 10:54:51'),(274475,2,2,1.75,10.75,-1,341.565,0.00000000114404,'2013-10-18 10:54:52'),(274476,3,2,3.25,12.25,-1,270,0.000000000180889,'2013-10-18 10:54:52'),(274477,5,2,3,5.25,-1,206.565,0.00000000040448,'2013-10-18 10:54:52'),(274478,2,2,2,11.25,-1,153.435,0.00000000040448,'2013-10-18 10:54:52'),(274479,5,2,3,5.25,-1,0,0,'2013-10-18 10:54:52'),(274480,2,2,2,11.25,-1,0,0,'2013-10-18 10:54:52'),(274481,5,2,3,5.25,-1,0,0,'2013-10-18 10:54:53'),(274482,3,2,3,12.75,-1,206.565,0.00000000040448,'2013-10-18 10:54:53'),(274483,2,2,2,11,-1,0,0.000000000180889,'2013-10-18 10:54:53'),(274484,3,2,3,12.75,-1,0,0,'2013-10-18 10:54:53'),(274485,5,2,2.5,6.25,-1,206.565,0.000000000808959,'2013-10-18 10:54:53'),(274486,3,2,3.25,11,-1,8.1301,0.00000000127908,'2013-10-18 10:54:58'),(274487,5,2,3.5,4.25,-1,26.5651,0.00000000161792,'2013-10-18 10:54:59'),(274488,2,2,2,10.75,-1,0,0.000000000180889,'2013-10-18 10:54:59'),(274489,3,2,3.5,11.25,-1,135,0.000000000255815,'2013-10-18 10:54:59'),(274490,5,2,3,4.25,-1,270,0.000000000361778,'2013-10-18 10:54:59'),(274491,2,2,2,11,-1,180,0.000000000180889,'2013-10-18 10:54:59'),(274492,3,2,3.75,11.5,-1,135,0.000000000255815,'2013-10-18 10:54:59'),(274493,5,2,3.5,4,-1,63.4349,0.00000000040448,'2013-10-18 10:55:00'),(274494,2,2,1.75,11.25,-1,225,0.000000000255815,'2013-10-18 10:55:00'),(274495,3,2,3.75,11.75,-1,180,0.000000000180889,'2013-10-18 10:55:00'),(274496,5,2,4,4.5,-1,135,0.000000000511631,'2013-10-18 10:55:00'),(274497,2,2,1.75,11.25,-1,0,0,'2013-10-18 10:55:01'),(274498,3,2,3.5,12.25,-1,206.565,0.00000000040448,'2013-10-18 10:55:01'),(274499,5,2,4,5,-1,180,0.000000000361778,'2013-10-18 10:55:01'),(274500,2,2,2,10.75,-1,26.5651,0.00000000040448,'2013-10-18 10:55:01'),(274501,2,2,2,10.75,-1,0,0,'2013-10-18 10:55:06'),(274502,3,2,3.25,12,-1,315,0.000000000255815,'2013-10-18 10:55:07'),(274503,5,2,4,5.75,-1,180,0.000000000542666,'2013-10-18 10:55:07'),(274504,2,2,2,10.75,-1,0,0,'2013-10-18 10:55:07'),(274505,3,2,3.25,11.75,-1,0,0.000000000180889,'2013-10-18 10:55:07'),(274506,5,2,3.75,4.25,-1,350.538,0.0000000011003,'2013-10-18 10:55:07'),(274507,2,2,2,10.75,-1,0,0,'2013-10-18 10:55:07'),(274508,3,2,3.25,11.5,-1,0,0.000000000180889,'2013-10-18 10:55:07'),(274509,5,2,3.75,4.5,-1,180,0.000000000180889,'2013-10-18 10:55:08'),(274510,2,2,2,10.75,-1,0,0,'2013-10-18 10:55:08'),(274511,3,2,3.5,11,-1,26.5651,0.00000000040448,'2013-10-18 10:55:08'),(274512,5,2,3.75,4.75,-1,180,0.000000000180889,'2013-10-18 10:55:08'),(274513,2,2,2,10.75,-1,0,0,'2013-10-18 10:55:08'),(274514,3,2,3.25,11,-1,270,0.000000000180889,'2013-10-18 10:55:09'),(274515,5,2,3.75,5.5,-1,180,0.000000000542666,'2013-10-18 10:55:09'),(274516,2,2,2,10.75,-1,0,0,'2013-10-18 10:55:09'),(274517,2,2,1.25,10.5,-1,288.435,0.00000000057202,'2013-10-18 10:55:14'),(274518,3,2,3.25,11.25,-1,180,0.000000000180889,'2013-10-18 10:55:14'),(274519,5,2,3.75,5.5,-1,0,0,'2013-10-18 10:55:15'),(274520,2,2,2,10.75,-1,108.435,0.00000000057202,'2013-10-18 10:55:15'),(274521,3,2,3.25,11.25,-1,0,0,'2013-10-18 10:55:15'),(274522,5,2,4,6.75,-1,168.69,0.000000000922355,'2013-10-18 10:55:15'),(274523,2,2,2,10.75,-1,0,0,'2013-10-18 10:55:15'),(274524,3,2,3.25,11.75,-1,180,0.000000000361777,'2013-10-18 10:55:15'),(274525,5,2,3.75,6.5,-1,315,0.000000000255815,'2013-10-18 10:55:15'),(274526,2,2,2,10.75,-1,0,0,'2013-10-18 10:55:15'),(274527,3,2,3,11.5,-1,315,0.000000000255815,'2013-10-18 10:55:15'),(274528,5,2,3,4.75,-1,336.801,0.00000000137761,'2013-10-18 10:55:16'),(274529,2,2,2,10.75,-1,0,0,'2013-10-18 10:55:16'),(274530,3,2,3,11.5,-1,0,0,'2013-10-18 10:55:16'),(274531,5,2,3.5,4.75,-1,90,0.000000000361777,'2013-10-18 10:55:16'),(274532,2,2,2,10.75,-1,0,0,'2013-10-18 10:55:16'),(274533,3,2,3.25,11.5,-1,90,0.000000000180889,'2013-10-18 10:55:16'),(274534,5,2,3.25,5.25,-1,206.565,0.00000000040448,'2013-10-18 10:55:17'),(274535,2,2,1.75,11.25,-1,206.565,0.00000000040448,'2013-10-18 10:55:22'),(274536,3,2,3.5,12,-1,153.435,0.00000000040448,'2013-10-18 10:55:22'),(274537,2,2,1.75,11.25,-1,0,0,'2013-10-18 10:55:22'),(274538,5,2,4,4.75,-1,56.3099,0.000000000652204,'2013-10-18 10:55:22'),(274539,3,2,3.5,12,-1,0,0,'2013-10-18 10:55:22'),(274540,2,2,1.75,11.25,-1,0,0,'2013-10-18 10:55:23'),(274541,3,2,3,11.75,-1,296.565,0.00000000040448,'2013-10-18 10:55:23'),(274542,2,2,1.5,11.25,-1,270,0.000000000180889,'2013-10-18 10:55:23'),(274543,3,2,3,11.75,-1,0,0,'2013-10-18 10:55:23'),(274544,5,2,4.25,6.75,-1,172.875,0.00000000145837,'2013-10-18 10:55:24'),(274545,2,2,1.5,11,-1,0,0.000000000180889,'2013-10-18 10:55:24'),(274546,3,2,3,11.5,-1,0,0.000000000180889,'2013-10-18 10:55:24'),(274547,2,2,1.75,11.5,-1,153.435,0.00000000040448,'2013-10-18 10:55:29'),(274548,3,2,3.75,12.5,-1,143.13,0.000000000904444,'2013-10-18 10:55:29'),(274549,5,2,4.25,5.25,-1,0,0.00000000108533,'2013-10-18 10:55:30'),(274550,2,2,1.75,11.75,-1,180,0.000000000180889,'2013-10-18 10:55:30'),(274551,3,2,4,12.75,-1,135,0.000000000255815,'2013-10-18 10:55:30'),(274552,2,2,2,12,-1,135,0.000000000255815,'2013-10-18 10:55:30'),(274553,3,2,3.75,12.5,-1,315,0.000000000255815,'2013-10-18 10:55:30'),(274554,5,2,4.25,5.25,-1,0,0,'2013-10-18 10:55:31'),(274555,2,2,1.75,11.25,-1,341.565,0.00000000057202,'2013-10-18 10:55:31'),(274556,5,2,4.25,5.25,-1,0,0,'2013-10-18 10:55:31'),(274557,2,2,1.75,11.25,-1,0,0,'2013-10-18 10:55:31'),(274558,5,2,4.5,6.25,-1,165.964,0.000000000745823,'2013-10-18 10:55:31'),(274559,3,2,3.75,12,-1,0,0.000000000361777,'2013-10-18 10:55:31'),(274560,3,2,3.25,12.5,-1,225,0.000000000511631,'2013-10-18 10:55:37'),(274561,2,2,2,11.25,-1,90,0.000000000180889,'2013-10-18 10:55:37'),(274562,5,2,4,4.25,-1,345.964,0.00000000149165,'2013-10-18 10:55:37'),(274563,2,2,2,11,-1,0,0.000000000180889,'2013-10-18 10:55:37'),(274564,3,2,3.5,12.75,-1,135,0.000000000255815,'2013-10-18 10:55:37'),(274565,5,2,4,4.5,-1,180,0.000000000180889,'2013-10-18 10:55:38'),(274566,2,2,2,10.75,-1,0,0.000000000180889,'2013-10-18 10:55:38'),(274567,5,2,4,4.5,-1,0,0,'2013-10-18 10:55:38'),(274568,2,2,2,11,-1,180,0.000000000180889,'2013-10-18 10:55:38'),(274569,5,2,4,4.5,-1,0,0,'2013-10-18 10:55:38'),(274570,3,2,3.75,12.5,-1,45,0.000000000255815,'2013-10-18 10:55:38'),(274571,2,2,1.75,11.5,-1,206.565,0.00000000040448,'2013-10-18 10:55:39'),(274572,5,2,4,4.75,-1,180,0.000000000180889,'2013-10-18 10:55:39'),(274573,2,2,2,11.25,-1,45,0.000000000255815,'2013-10-18 10:55:44'),(274574,5,2,3.75,4.25,-1,333.435,0.00000000040448,'2013-10-18 10:55:44'),(274575,2,2,2,11.25,-1,0,0,'2013-10-18 10:55:44'),(274576,3,2,3,11.75,-1,315,0.000000000767446,'2013-10-18 10:55:45'),(274577,2,2,1,9,0,336.038,0.00000000178155,'2013-10-18 10:55:45'),(274578,3,2,3,11,-1,0,0.000000000542666,'2013-10-18 10:55:45'),(274579,5,2,3.75,4.25,-1,0,0,'2013-10-18 10:55:45'),(274580,2,2,2,11.25,-1,156.038,0.00000000178155,'2013-10-18 10:55:45'),(274581,3,2,3,12.25,-1,180,0.000000000904444,'2013-10-18 10:55:45'),(274582,2,2,2,11.25,-1,0,0,'2013-10-18 10:55:46'),(274583,5,2,3.75,4.25,-1,0,0,'2013-10-18 10:55:46'),(274584,3,2,3.25,12.5,-1,135,0.000000000255815,'2013-10-18 10:55:46'),(274585,2,2,2,11.25,-1,0,0,'2013-10-18 10:55:46'),(274586,2,2,1.75,11.25,-1,270,0.000000000180889,'2013-10-18 10:55:51'),(274587,3,2,3.25,12.25,-1,0,0.000000000180889,'2013-10-18 10:55:52'),(274588,5,2,4.5,4.75,-1,123.69,0.000000000652204,'2013-10-18 10:55:52'),(274589,2,2,1.75,11.25,-1,0,0,'2013-10-18 10:55:52'),(274590,3,2,3,12.25,-1,270,0.000000000180889,'2013-10-18 10:55:52'),(274591,5,2,4,4.25,-1,315,0.000000000511631,'2013-10-18 10:55:52'),(274592,2,2,1.75,11.25,-1,0,0,'2013-10-18 10:55:53'),(274593,3,2,2.5,11.5,-1,326.31,0.000000000652204,'2013-10-18 10:55:53'),(274594,5,2,4,4.25,-1,0,0,'2013-10-18 10:55:53'),(274595,2,2,1.75,11.25,-1,0,0,'2013-10-18 10:55:53'),(274596,3,2,3,11.5,-1,90,0.000000000361777,'2013-10-18 10:55:53'),(274597,5,2,4.25,4.25,-1,90,0.000000000180889,'2013-10-18 10:55:53'),(274598,2,2,1.75,11.25,-1,0,0,'2013-10-18 10:55:53'),(274599,3,2,3,11.5,-1,0,0,'2013-10-18 10:55:53'),(274600,5,2,3.75,4.25,-1,270,0.000000000361777,'2013-10-18 10:55:54'),(274601,2,2,1.75,11.5,-1,180,0.000000000180889,'2013-10-18 10:55:59'),(274602,3,2,3,11.25,-1,0,0.000000000180889,'2013-10-18 10:55:59'),(274603,5,2,4.25,4.25,-1,90,0.000000000361777,'2013-10-18 10:55:59'),(274604,2,2,1.75,11.5,-1,0,0,'2013-10-18 10:55:59'),(274605,3,2,3,11.25,-1,0,0,'2013-10-18 10:55:59'),(274606,5,2,4.5,4.25,-1,90,0.000000000180889,'2013-10-18 10:56:00'),(274607,2,2,1.75,11.25,-1,0,0.000000000180889,'2013-10-18 10:56:00'),(274608,3,2,3,11.75,-1,180,0.000000000361777,'2013-10-18 10:56:00'),(274609,5,2,4.5,4.25,-1,0,0,'2013-10-18 10:56:00'),(274610,2,2,1.75,11.25,-1,0,0,'2013-10-18 10:56:00'),(274611,3,2,3.25,12,-1,135,0.000000000255815,'2013-10-18 10:56:00'),(274612,5,2,4,4,-1,296.565,0.00000000040448,'2013-10-18 10:56:00'),(274613,2,2,1.75,11.25,-1,0,0,'2013-10-18 10:56:00'),(274614,3,2,3,12,-1,270,0.000000000180889,'2013-10-18 10:56:00'),(274615,5,2,4.25,4.5,-1,153.435,0.00000000040448,'2013-10-18 10:56:01'),(274616,2,2,2,11.75,-1,153.435,0.00000000040448,'2013-10-18 10:56:06'),(274617,3,2,3,12,-1,0,0,'2013-10-18 10:56:06'),(274618,5,2,3.75,3.75,-1,326.31,0.000000000652204,'2013-10-18 10:56:06'),(274619,2,2,2,11.75,-1,0,0,'2013-10-18 10:56:06'),(274620,5,2,3.75,3.5,-1,0,0.000000000180889,'2013-10-18 10:56:07'),(274621,2,2,2,12.25,-1,180,0.000000000361777,'2013-10-18 10:56:07'),(274622,5,2,4,4.25,-1,161.565,0.00000000057202,'2013-10-18 10:56:07'),(274623,2,2,2,11.75,-1,0,0.000000000361777,'2013-10-18 10:56:07'),(274624,3,2,3.25,12,-1,90,0.000000000180889,'2013-10-18 10:56:07'),(274625,2,2,1.75,11.5,-1,315,0.000000000255815,'2013-10-18 10:56:07'),(274626,3,2,3,12,-1,270,0.000000000180889,'2013-10-18 10:56:07'),(274627,5,2,4,4.25,-1,0,0,'2013-10-18 10:56:08'),(274628,2,2,2,12.5,-1,165.964,0.000000000745823,'2013-10-18 10:56:13'),(274629,3,2,3,11.75,-1,0,0.000000000180889,'2013-10-18 10:56:13'),(274630,5,2,3.5,3.75,-1,315,0.000000000511631,'2013-10-18 10:56:13'),(274631,2,2,2,12.5,-1,0,0,'2013-10-18 10:56:13'),(274632,5,2,3.5,3.75,-1,0,0,'2013-10-18 10:56:14'),(274633,2,2,2,12.25,-1,0,0.000000000180889,'2013-10-18 10:56:14'),(274634,5,2,3.25,3.5,-1,315,0.000000000255815,'2013-10-18 10:56:14'),(274635,2,2,2,12,-1,0,0.000000000180889,'2013-10-18 10:56:14'),(274636,5,2,2.75,3,-1,315,0.000000000511631,'2013-10-18 10:56:14'),(274637,3,2,3,12,-1,180,0.000000000180889,'2013-10-18 10:56:14'),(274638,2,2,1.75,11.5,-1,333.435,0.00000000040448,'2013-10-18 10:56:14'),(274639,3,2,3,12,-1,0,0,'2013-10-18 10:56:14'),(274640,5,2,3.5,3.5,-1,123.69,0.000000000652204,'2013-10-18 10:56:15'),(274641,2,2,2,12.5,-1,165.964,0.000000000745823,'2013-10-18 10:56:20'),(274642,5,2,3.75,4.75,-1,168.69,0.000000000922355,'2013-10-18 10:56:20'),(274643,2,2,2,12.5,-1,0,0,'2013-10-18 10:56:20'),(274644,3,2,3.25,11.25,-1,18.4349,0.00000000057202,'2013-10-18 10:56:20'),(274645,5,2,4,5,-1,135,0.000000000255815,'2013-10-18 10:56:20'),(274646,2,2,2,12.25,-1,0,0.000000000180889,'2013-10-18 10:56:21'),(274647,5,2,4,5,-1,0,0,'2013-10-18 10:56:21'),(274648,3,2,3.5,11.75,-1,153.435,0.00000000040448,'2013-10-18 10:56:21'),(274649,2,2,2,13,-1,180,0.000000000542666,'2013-10-18 10:56:21'),(274650,3,2,3.5,11.75,-1,0,0,'2013-10-18 10:56:21'),(274651,5,2,3.75,4.25,-1,341.565,0.00000000057202,'2013-10-18 10:56:21'),(274652,2,2,2,12.5,-1,0,0.000000000361777,'2013-10-18 10:56:22'),(274653,3,2,3,11.75,-1,270,0.000000000361777,'2013-10-18 10:56:22'),(274654,5,2,3.75,4.75,-1,180,0.000000000361777,'2013-10-18 10:56:22'),(274655,5,2,2.75,4.25,-1,296.565,0.000000000808959,'2013-10-18 10:56:27'),(274656,2,2,3,11.5,-1,45,0.00000000102326,'2013-10-18 10:56:27'),(274657,5,2,2.75,4.25,-1,0,0,'2013-10-18 10:56:28'),(274658,3,2,3.5,11.75,-1,90,0.000000000361777,'2013-10-18 10:56:28'),(274659,2,2,2.5,12,-1,225,0.000000000511631,'2013-10-18 10:56:28'),(274660,3,2,3.5,11.75,-1,0,0,'2013-10-18 10:56:28'),(274661,2,2,2,12,-1,270,0.000000000361777,'2013-10-18 10:56:28'),(274662,3,2,3,11.75,-1,270,0.000000000361777,'2013-10-18 10:56:28'),(274663,5,2,2.75,4,-1,0,0.000000000180889,'2013-10-18 10:56:28'),(274664,2,2,2,12.5,-1,180,0.000000000361777,'2013-10-18 10:56:29'),(274665,3,2,3,11.5,-1,0,0.000000000180889,'2013-10-18 10:56:29'),(274666,5,2,3.25,4.75,-1,146.31,0.000000000652204,'2013-10-18 10:56:29'),(274667,2,2,2,12.5,-1,0,0,'2013-10-18 10:56:29'),(274668,5,2,3.25,4.75,-1,0,0,'2013-10-18 10:56:29'),(274669,3,2,3.25,11,-1,26.5651,0.00000000040448,'2013-10-18 10:56:29'),(274670,3,2,3.5,11.75,-1,161.565,0.00000000057202,'2013-10-18 10:56:35'),(274671,5,2,3.75,4.75,-1,90,0.000000000361777,'2013-10-18 10:56:35'),(274672,2,2,2.75,12.5,-1,90,0.000000000542666,'2013-10-18 10:56:35'),(274673,3,2,3.5,11.75,-1,0,0,'2013-10-18 10:56:35'),(274674,5,2,3.5,5.5,-1,198.435,0.00000000057202,'2013-10-18 10:56:35'),(274675,2,2,2.75,12.25,-1,0,0.000000000180889,'2013-10-18 10:56:36'),(274676,3,2,4,11.75,-1,90,0.000000000361777,'2013-10-18 10:56:36'),(274677,5,2,2.25,3.75,-1,324.462,0.00000000155606,'2013-10-18 10:56:36'),(274678,2,2,3,12,-1,45,0.000000000255815,'2013-10-18 10:56:36'),(274679,3,2,4,11.75,-1,0,0,'2013-10-18 10:56:36'),(274680,5,2,2.5,4,-1,135,0.000000000255815,'2013-10-18 10:56:37'),(274681,2,2,3.25,12.5,-1,153.435,0.00000000040448,'2013-10-18 10:56:37'),(274682,3,2,4,11.75,-1,0,0,'2013-10-18 10:56:37'),(274683,5,2,2.75,4.5,-1,153.435,0.00000000040448,'2013-10-18 10:56:37'),(274684,2,2,3.25,11.75,-1,0,0.000000000542666,'2013-10-18 10:56:37'),(274685,3,2,4,12.25,-1,180,0.000000000361777,'2013-10-18 10:56:37'),(274686,2,2,1.75,11.75,-1,270,0.00000000108533,'2013-10-18 10:56:43'),(274687,3,2,3.75,12.25,-1,270,0.000000000180889,'2013-10-18 10:56:43'),(274688,2,2,1.75,11.75,-1,0,0,'2013-10-18 10:56:43'),(274689,3,2,3.75,12.25,-1,0,0,'2013-10-18 10:56:43'),(274690,5,2,3.75,5,-1,116.565,0.000000000808959,'2013-10-18 10:56:43'),(274691,2,2,2,12,-1,135,0.000000000255815,'2013-10-18 10:56:44'),(274692,3,2,3.75,11.75,-1,0,0.000000000361777,'2013-10-18 10:56:44'),(274693,2,2,2.25,12.25,-1,135,0.000000000255815,'2013-10-18 10:56:44'),(274694,5,2,3.25,4,-1,333.435,0.000000000808959,'2013-10-18 10:56:44'),(274695,3,2,3.75,11.75,-1,0,0,'2013-10-18 10:56:44'),(274696,2,2,2.5,11.75,-1,26.5651,0.00000000040448,'2013-10-18 10:56:44'),(274697,5,2,3.25,4.75,-1,180,0.000000000542666,'2013-10-18 10:56:44'),(274698,3,2,3.5,11.75,-1,270,0.000000000180889,'2013-10-18 10:56:45'),(274699,2,2,2.25,12,-1,225,0.000000000255815,'2013-10-18 10:56:45'),(274700,3,2,3.75,11.75,-1,90,0.000000000180889,'2013-10-18 10:56:50'),(274701,5,2,4,6.5,-1,156.801,0.00000000137761,'2013-10-18 10:56:50'),(274702,2,2,2,11.75,-1,315,0.000000000255815,'2013-10-18 10:56:50'),(274703,3,2,3.75,11.75,-1,0,0,'2013-10-18 10:56:51'),(274704,5,2,3.25,4.75,-1,336.801,0.00000000137761,'2013-10-18 10:56:51'),(274705,2,2,2,12,-1,180,0.000000000180889,'2013-10-18 10:56:51'),(274706,3,2,3.75,11.75,-1,0,0,'2013-10-18 10:56:51'),(274707,5,2,3.75,4.75,-1,90,0.000000000361777,'2013-10-18 10:56:51'),(274708,2,2,2.5,12.75,-1,146.31,0.000000000652204,'2013-10-18 10:56:51'),(274709,3,2,3.5,12.25,-1,206.565,0.00000000040448,'2013-10-18 10:56:51'),(274710,5,2,3.75,5.5,-1,180,0.000000000542666,'2013-10-18 10:56:52'),(274711,2,2,2,12.5,-1,296.565,0.00000000040448,'2013-10-18 10:56:52'),(274712,3,2,3.75,11.75,-1,26.5651,0.00000000040448,'2013-10-18 10:56:52'),(274713,2,2,2,12.25,-1,0,0.000000000180889,'2013-10-18 10:56:52'),(274714,3,2,3.5,11.5,-1,315,0.000000000255815,'2013-10-18 10:56:52'),(274715,5,2,3,3.75,-1,336.801,0.00000000137761,'2013-10-18 10:56:53'),(274716,2,2,2,11.75,-1,0,0.000000000361777,'2013-10-18 10:56:58'),(274717,3,2,3,13,-1,198.435,0.00000000114404,'2013-10-18 10:56:58'),(274718,5,2,2.5,4.25,-1,225,0.000000000511631,'2013-10-18 10:56:58'),(274719,2,2,2.25,12.25,-1,153.435,0.00000000040448,'2013-10-18 10:56:58'),(274720,3,2,2.75,13,-1,270,0.000000000180889,'2013-10-18 10:56:58'),(274721,2,2,2.25,12.25,-1,0,0,'2013-10-18 10:56:59'),(274722,5,2,3,5,-1,146.31,0.000000000652204,'2013-10-18 10:56:59'),(274723,2,2,2.25,12.25,-1,0,0,'2013-10-18 10:56:59'),(274724,3,2,3.25,12.25,-1,33.6901,0.000000000652204,'2013-10-18 10:56:59'),(274725,5,2,3.25,5.5,-1,153.435,0.00000000040448,'2013-10-18 10:57:00'),(274726,2,2,2.25,11.75,-1,0,0.000000000361777,'2013-10-18 10:57:00'),(274727,5,2,3.25,5.5,-1,0,0,'2013-10-18 10:57:00'),(274728,3,2,3.75,11.75,-1,45,0.000000000511631,'2013-10-18 10:57:00'),(274729,2,2,2,11.5,-1,315,0.000000000255815,'2013-10-18 10:57:00'),(274730,3,2,3.25,12.75,-1,206.565,0.000000000808959,'2013-10-18 10:57:06'),(274731,2,2,1.75,13,-1,189.462,0.0000000011003,'2013-10-18 10:57:06'),(274732,5,2,2.75,4.75,-1,326.31,0.000000000652204,'2013-10-18 10:57:06'),(274733,2,2,1.75,12.5,-1,0,0.000000000361777,'2013-10-18 10:57:06'),(274734,5,2,2.75,4.75,-1,0,0,'2013-10-18 10:57:06'),(274735,3,2,3.25,13,-1,180,0.000000000180889,'2013-10-18 10:57:06'),(274736,2,2,1.25,12.5,-1,270,0.000000000361777,'2013-10-18 10:57:07'),(274737,5,2,2.75,4.75,-1,0,0,'2013-10-18 10:57:07'),(274738,3,2,3.25,13,-1,0,0,'2013-10-18 10:57:07'),(274739,2,2,1.75,11.5,-1,26.5651,0.000000000808959,'2013-10-18 10:57:07'),(274740,5,2,2.75,5,-1,180,0.000000000180889,'2013-10-18 10:57:07'),(274741,3,2,3.25,13,-1,0,0,'2013-10-18 10:57:07'),(274742,2,2,1.75,11.75,-1,180,0.000000000180889,'2013-10-18 10:57:07'),(274743,3,2,3.25,13,-1,0,0,'2013-10-18 10:57:08'),(274744,5,2,2.5,4.5,-1,333.435,0.00000000040448,'2013-10-18 10:57:08'),(274745,2,2,1.75,12.75,-1,180,0.000000000723555,'2013-10-18 10:57:13'),(274746,5,2,3.5,5.5,-1,135,0.00000000102326,'2013-10-18 10:57:14'),(274747,3,2,3.25,13,-1,0,0,'2013-10-18 10:57:14'),(274748,2,2,2,13.25,-1,153.435,0.00000000040448,'2013-10-18 10:57:14'),(274749,5,2,2.75,4.75,-1,315,0.000000000767446,'2013-10-18 10:57:14'),(274750,3,2,3.25,12.75,-1,0,0.000000000180889,'2013-10-18 10:57:14'),(274751,2,2,2,12.75,-1,0,0.000000000361777,'2013-10-18 10:57:14'),(274752,5,2,2.75,5,-1,180,0.000000000180889,'2013-10-18 10:57:15'),(274753,2,2,2,13,-1,180,0.000000000180889,'2013-10-18 10:57:15'),(274754,5,2,2.75,5.25,-1,180,0.000000000180889,'2013-10-18 10:57:15'),(274755,2,2,2,13.25,-1,180,0.000000000180889,'2013-10-18 10:57:15'),(274756,5,2,2.75,5.25,-1,0,0,'2013-10-18 10:57:15'),(274757,3,2,3.25,12.75,-1,0,0,'2013-10-18 10:57:15'),(274758,2,2,2,12.75,-1,0,0.000000000361777,'2013-10-18 10:57:15'),(274759,2,2,1.5,12.5,-1,296.565,0.00000000040448,'2013-10-18 10:57:21'),(274760,5,2,3.25,4.75,-1,45,0.000000000511631,'2013-10-18 10:57:21'),(274761,3,2,3.25,13,-1,180,0.000000000180889,'2013-10-18 10:57:21'),(274762,2,2,1,12.25,0,296.565,0.00000000040448,'2013-10-18 10:57:21'),(274763,3,2,3.25,13,-1,0,0,'2013-10-18 10:57:21'),(274764,5,2,3.75,4.75,-1,90,0.000000000361777,'2013-10-18 10:57:21'),(274765,2,2,0.75,12.75,0,NULL,NULL,'2013-10-18 10:57:22'),(274766,5,2,3.5,5.5,-1,198.435,0.00000000057202,'2013-10-18 10:57:22'),(274767,3,2,3.25,13,-1,0,0,'2013-10-18 10:57:22'),(274768,2,2,1,13.5,0,180,0.000000000904444,'2013-10-18 10:57:22'),(274769,3,2,3.25,13,-1,0,0,'2013-10-18 10:57:22'),(274770,5,2,2.75,4,-1,333.435,0.00000000121344,'2013-10-18 10:57:22'),(274771,2,2,1.25,13.25,-1,45,0.000000000255815,'2013-10-18 10:57:22'),(274772,3,2,3.25,13,-1,0,0,'2013-10-18 10:57:22'),(274773,5,2,3.5,5.5,-1,153.435,0.00000000121344,'2013-10-18 10:57:23'),(274774,2,2,1.75,12.5,-1,33.6901,0.000000000652204,'2013-10-18 10:57:28'),(274775,3,2,3.25,12.75,-1,0,0.000000000180889,'2013-10-18 10:57:28'),(274776,5,2,3,4,-1,341.565,0.00000000114404,'2013-10-18 10:57:28'),(274777,2,2,1.5,12.5,-1,270,0.000000000180889,'2013-10-18 10:57:28'),(274778,3,2,3.25,12.5,-1,0,0.000000000180889,'2013-10-18 10:57:28'),(274779,5,2,2.25,4,-1,270,0.000000000542666,'2013-10-18 10:57:29'),(274780,2,2,1.5,12.75,-1,180,0.000000000180889,'2013-10-18 10:57:29'),(274781,5,2,2,3.5,-1,333.435,0.00000000040448,'2013-10-18 10:57:29'),(274782,3,2,3.25,12.25,-1,0,0.000000000180889,'2013-10-18 10:57:29'),(274783,2,2,1.75,13,-1,135,0.000000000255815,'2013-10-18 10:57:29'),(274784,3,2,3,12.5,-1,225,0.000000000255815,'2013-10-18 10:57:29'),(274785,5,2,1.75,3.75,-1,225,0.000000000255815,'2013-10-18 10:57:30'),(274786,2,2,1.75,12.5,-1,0,0.000000000361777,'2013-10-18 10:57:30'),(274787,5,2,1.75,3.75,-1,0,0,'2013-10-18 10:57:30'),(274788,3,2,3.25,13,-1,153.435,0.00000000040448,'2013-10-18 10:57:30'),(274789,3,2,3.5,12.25,-1,18.4349,0.00000000057202,'2013-10-18 10:57:35'),(274790,2,2,1.75,11.75,-1,0,0.000000000542666,'2013-10-18 10:57:36'),(274791,5,2,2.75,4.5,-1,126.87,0.000000000904444,'2013-10-18 10:57:36'),(274792,3,2,3.25,12.75,-1,206.565,0.00000000040448,'2013-10-18 10:57:36'),(274793,2,2,1.75,12,-1,180,0.000000000180889,'2013-10-18 10:57:36'),(274794,5,2,2.75,4.5,-1,0,0,'2013-10-18 10:57:36'),(274795,3,2,3.25,12.75,-1,0,0,'2013-10-18 10:57:36'),(274796,2,2,2,12.5,-1,153.435,0.00000000040448,'2013-10-18 10:57:36'),(274797,3,2,3.25,12.75,-1,0,0,'2013-10-18 10:57:36'),(274798,5,2,3,4.5,-1,90,0.000000000180889,'2013-10-18 10:57:36'),(274799,2,2,2,12.5,-1,0,0,'2013-10-18 10:57:37'),(274800,5,2,3.25,4.25,-1,45,0.000000000255815,'2013-10-18 10:57:37'),(274801,2,2,2,12.5,-1,0,0,'2013-10-18 10:57:37'),(274802,5,2,2.75,4.25,-1,270,0.000000000361777,'2013-10-18 10:57:37'),(274803,5,2,2.75,4.5,-1,180,0.000000000180889,'2013-10-18 10:57:42'),(274804,3,2,3.5,12.5,-1,45,0.000000000255815,'2013-10-18 10:57:43'),(274805,2,2,2,11.5,-1,0,0.000000000723555,'2013-10-18 10:57:43'),(274806,5,2,2.75,4.5,-1,0,0,'2013-10-18 10:57:43'),(274807,3,2,3.25,12,-1,333.435,0.00000000040448,'2013-10-18 10:57:43'),(274808,2,2,2,11.75,-1,180,0.000000000180889,'2013-10-18 10:57:43'),(274809,5,2,2.75,4.5,-1,0,0,'2013-10-18 10:57:44'),(274810,3,2,3.5,12.25,-1,135,0.000000000255815,'2013-10-18 10:57:44'),(274811,2,2,2,12,-1,180,0.000000000180889,'2013-10-18 10:57:44'),(274812,5,2,2.75,4.5,-1,0,0,'2013-10-18 10:57:44'),(274813,3,2,3.5,12.5,-1,180,0.000000000180889,'2013-10-18 10:57:45'),(274814,2,2,2,12.5,-1,180,0.000000000361777,'2013-10-18 10:57:45'),(274815,5,2,2.75,4.5,-1,0,0,'2013-10-18 10:57:45'),(274816,3,2,3.5,12.25,-1,0,0.000000000180889,'2013-10-18 10:57:45'),(274817,2,2,2,12.25,-1,0,0.000000000180889,'2013-10-18 10:57:45'),(274818,5,2,2.75,4.5,-1,0,0,'2013-10-18 10:57:46'),(274819,5,2,3,3.75,-1,18.4349,0.00000000057202,'2013-10-18 10:57:51'),(274820,3,2,3.75,11.5,-1,18.4349,0.00000000057202,'2013-10-18 10:57:51'),(274821,2,2,2.5,12.5,-1,116.565,0.00000000040448,'2013-10-18 10:57:51'),(274822,5,2,2.25,3.5,-1,288.435,0.00000000057202,'2013-10-18 10:57:51'),(274823,3,2,3.75,12,-1,180,0.000000000361777,'2013-10-18 10:57:52'),(274824,2,2,2,12.25,-1,296.565,0.00000000040448,'2013-10-18 10:57:52'),(274825,5,2,2.5,3.75,-1,135,0.000000000255815,'2013-10-18 10:57:52'),(274826,3,2,3.75,12.25,-1,180,0.000000000180889,'2013-10-18 10:57:52'),(274827,2,2,1.75,12,-1,315,0.000000000255815,'2013-10-18 10:57:53'),(274828,5,2,2.75,4.5,-1,161.565,0.00000000057202,'2013-10-18 10:57:53'),(274829,3,2,3.5,12.75,-1,206.565,0.00000000040448,'2013-10-18 10:57:53'),(274830,2,2,2,12.5,-1,153.435,0.00000000040448,'2013-10-18 10:57:53'),(274831,5,2,2.75,4.25,-1,0,0.000000000180889,'2013-10-18 10:57:54'),(274832,3,2,3.5,12.5,-1,0,0.000000000180889,'2013-10-18 10:57:54'),(274833,2,2,2,12.25,-1,0,0.000000000180889,'2013-10-18 10:57:54'),(274834,5,2,3,3.75,-1,26.5651,0.00000000040448,'2013-10-18 10:57:54'),(274835,3,2,3.5,12.75,-1,180,0.000000000180889,'2013-10-18 10:57:54'),(274836,2,2,2,12,-1,0,0.000000000180889,'2013-10-18 10:57:55'),(274837,5,2,2.5,4.25,-1,225,0.000000000511631,'2013-10-18 10:58:00'),(274838,3,2,3.75,12.5,-1,45,0.000000000255815,'2013-10-18 10:58:00'),(274839,2,2,2.25,12.75,-1,161.565,0.00000000057202,'2013-10-18 10:58:00'),(274840,5,2,3,5,-1,146.31,0.000000000652204,'2013-10-18 10:58:00'),(274841,3,2,3.75,12,-1,0,0.000000000361777,'2013-10-18 10:58:01'),(274842,2,2,2.25,12.75,-1,0,0,'2013-10-18 10:58:01'),(274843,5,2,4,6.5,-1,146.31,0.00000000130441,'2013-10-18 10:58:01'),(274844,3,2,4,11.75,-1,45,0.000000000255815,'2013-10-18 10:58:01'),(274845,2,2,2.25,12.75,-1,0,0,'2013-10-18 10:58:01'),(274846,5,2,3.75,6,-1,333.435,0.00000000040448,'2013-10-18 10:58:02'),(274847,3,2,4,11.75,-1,0,0,'2013-10-18 10:58:02'),(274848,2,2,2.5,12.75,-1,90,0.000000000180889,'2013-10-18 10:58:02'),(274849,5,2,3.75,6,-1,0,0,'2013-10-18 10:58:02'),(274850,3,2,4,11.75,-1,0,0,'2013-10-18 10:58:02'),(274851,2,2,2.75,12.75,-1,90,0.000000000180889,'2013-10-18 10:58:03'),(274852,5,2,2.75,4,-1,333.435,0.00000000161792,'2013-10-18 10:58:03'),(274853,3,2,4.25,11.5,-1,45,0.000000000255815,'2013-10-18 10:58:03'),(274854,2,2,2.25,12.5,-1,296.565,0.00000000040448,'2013-10-18 10:58:03'),(274855,5,2,3,5.25,-1,168.69,0.000000000922355,'2013-10-18 10:58:08'),(274856,3,2,3.25,12,-1,243.435,0.000000000808959,'2013-10-18 10:58:09'),(274857,2,2,2.25,12.5,-1,0,0,'2013-10-18 10:58:09'),(274858,5,2,3.5,5.75,-1,135,0.000000000511631,'2013-10-18 10:58:09'),(274859,3,2,3.5,12.25,-1,135,0.000000000255815,'2013-10-18 10:58:09'),(274860,2,2,2.25,12.5,-1,0,0,'2013-10-18 10:58:09'),(274861,5,2,2.5,4.5,-1,321.34,0.00000000115825,'2013-10-18 10:58:09'),(274862,3,2,3.25,12.75,-1,206.565,0.00000000040448,'2013-10-18 10:58:10'),(274863,2,2,2.25,12.5,-1,0,0,'2013-10-18 10:58:10'),(274864,5,2,2.5,4.5,-1,0,0,'2013-10-18 10:58:10'),(274865,3,2,3.25,12.75,-1,0,0,'2013-10-18 10:58:10'),(274866,2,2,2.25,12.5,-1,0,0,'2013-10-18 10:58:10'),(274867,5,2,2.5,4.5,-1,0,0,'2013-10-18 10:58:11'),(274868,3,2,3.25,12.75,-1,0,0,'2013-10-18 10:58:11'),(274869,2,2,2.5,12.5,-1,90,0.000000000180889,'2013-10-18 10:58:11'),(274870,5,2,2.5,4.5,-1,0,0,'2013-10-18 10:58:11'),(274871,3,2,3.5,12.75,-1,90,0.000000000180889,'2013-10-18 10:58:11'),(274872,2,2,2,12,-1,315,0.000000000511631,'2013-10-18 10:58:12'),(274873,5,2,2.5,4.25,-1,0,0.000000000180889,'2013-10-18 10:58:17'),(274874,3,2,3.75,12,-1,18.4349,0.00000000057202,'2013-10-18 10:58:17'),(274875,2,2,3,11.25,-1,53.1301,0.000000000904444,'2013-10-18 10:58:17'),(274876,5,2,2.25,3.75,-1,333.435,0.00000000040448,'2013-10-18 10:58:17'),(274877,3,2,3.5,12,-1,270,0.000000000180889,'2013-10-18 10:58:18'),(274878,2,2,2,11.5,-1,255.964,0.000000000745823,'2013-10-18 10:58:18'),(274879,5,2,2.5,4.5,-1,161.565,0.00000000057202,'2013-10-18 10:58:18'),(274880,3,2,3.75,12,-1,90,0.000000000180889,'2013-10-18 10:58:18'),(274881,2,2,2,11.75,-1,180,0.000000000180889,'2013-10-18 10:58:18'),(274882,5,2,2.5,4.25,-1,0,0.000000000180889,'2013-10-18 10:58:18'),(274883,3,2,3.5,12,-1,270,0.000000000180889,'2013-10-18 10:58:22'),(274884,2,2,2,12.25,-1,180,0.000000000361777,'2013-10-18 10:58:22'),(274885,5,2,2.25,4,-1,315,0.000000000255815,'2013-10-18 10:58:22'),(274886,3,2,4,12,-1,90,0.000000000361777,'2013-10-18 10:58:22'),(274887,2,2,2,12,-1,0,0.000000000180889,'2013-10-18 10:58:22'),(274888,5,2,2.5,4.5,-1,153.435,0.00000000040448,'2013-10-18 10:58:22'),(274889,3,2,4,11.75,-1,0,0.000000000180889,'2013-10-18 10:58:23'),(274890,2,2,2.25,12.5,-1,153.435,0.00000000040448,'2013-10-18 10:58:23'),(274891,5,2,2.5,3.5,-1,0,0.000000000723555,'2013-10-18 10:58:28'),(274892,5,2,3,4,-1,135,0.000000000511631,'2013-10-18 10:58:28'),(274893,3,2,3.75,7.75,-1,356.424,0.00000000289987,'2013-10-18 10:58:28'),(274894,5,2,2.25,3.75,-1,288.435,0.00000000057202,'2013-10-18 10:58:28'),(274895,5,2,2.25,3.75,-1,0,0,'2013-10-18 10:58:29'),(274896,3,2,3.75,10.75,-1,180,0.00000000217066,'2013-10-18 10:58:29'),(274897,5,2,2.25,4,-1,180,0.000000000180889,'2013-10-18 10:58:29'),(274898,3,2,4,10.75,-1,90,0.000000000180889,'2013-10-18 10:58:29'),(274899,2,2,3.75,11.75,-1,63.4349,0.00000000121344,'2013-10-18 10:58:29'),(274900,2,2,2.5,12,-1,258.69,0.000000000922355,'2013-10-18 10:58:29'),(274901,5,2,2.5,4.25,-1,135,0.000000000255815,'2013-10-18 10:58:29'),(274902,3,2,4,11.5,-1,180,0.000000000542666,'2013-10-18 10:58:30'),(274903,5,2,2.25,4,-1,315,0.000000000255815,'2013-10-18 10:58:30'),(274904,3,2,4,11.75,-1,180,0.000000000180889,'2013-10-18 10:58:30'),(274905,2,2,2.25,11.75,-1,315,0.000000000255815,'2013-10-18 10:58:30'),(274906,5,2,2.5,4.5,-1,153.435,0.00000000040448,'2013-10-18 10:58:30'),(274907,3,2,3.75,12,-1,225,0.000000000255815,'2013-10-18 10:58:30'),(274908,2,2,2.5,12,-1,135,0.000000000255815,'2013-10-18 10:58:31'),(274909,5,2,2.5,4.25,-1,0,0.000000000180889,'2013-10-18 10:58:36'),(274910,5,2,3,4.75,-1,135,0.000000000511631,'2013-10-18 10:58:36'),(274911,5,2,3.5,4.75,-1,90,0.000000000361777,'2013-10-18 10:58:36'),(274912,5,2,3,3.25,-1,341.565,0.00000000114404,'2013-10-18 10:58:36'),(274913,5,2,3,3.5,-1,180,0.000000000180889,'2013-10-18 10:58:36'),(274914,5,2,2.5,4,-1,225,0.000000000511631,'2013-10-18 10:58:36'),(274915,5,2,2.5,3.5,-1,0,0.000000000361777,'2013-10-18 10:58:42'),(274916,5,2,1.5,2.75,-1,306.87,0.000000000904444,'2013-10-18 10:58:42'),(274917,5,2,2.5,3.25,-1,116.565,0.000000000808959,'2013-10-18 10:58:42'),(274918,5,2,2.75,3.75,-1,153.435,0.000000000404479,'2013-10-18 10:58:42'),(274919,5,2,3.5,6,-1,161.565,0.00000000171606,'2013-10-18 10:58:47'),(274920,5,2,3.75,5.25,-1,18.4349,0.00000000057202,'2013-10-18 10:58:48'),(274921,5,2,3.25,4.75,-1,315,0.000000000511631,'2013-10-18 10:58:48'),(274922,5,2,2.75,5,-1,243.435,0.000000000404479,'2013-10-18 10:58:48'),(274923,5,2,3.5,6.5,-1,153.435,0.00000000121344,'2013-10-18 10:58:53'),(274924,5,2,3.75,6.5,-1,90,0.000000000180889,'2013-10-18 10:58:53'),(274925,5,2,3,6,-1,303.69,0.000000000652204,'2013-10-18 10:58:54'),(274926,5,2,1.75,4.75,-1,315,0.00000000127908,'2013-10-18 10:58:54'),(274927,5,2,4,6.75,-1,131.634,0.00000000217819,'2013-10-18 10:58:59'),(274928,5,2,3.75,6.75,-1,270,0.000000000180889,'2013-10-18 10:58:59'),(274929,5,2,3.25,6.5,-1,296.565,0.000000000404479,'2013-10-18 10:59:00'),(274930,5,2,3.25,6.5,-1,0,0,'2013-10-18 10:59:00'),(274931,5,2,3.75,6.75,-1,116.565,0.000000000404479,'2013-10-18 10:59:05'),(274932,5,2,3.25,6.75,-1,270,0.000000000361777,'2013-10-18 10:59:05'),(274933,5,2,3.25,6.75,-1,0,0,'2013-10-18 10:59:05'),(274934,5,2,3.25,6.75,-1,0,0,'2013-10-18 10:59:05'),(274935,5,2,3.5,6.75,-1,90,0.000000000180889,'2013-10-18 10:59:05'),(274936,5,2,3.25,6,-1,341.565,0.00000000057202,'2013-10-18 10:59:11'),(274937,5,2,3.5,5.5,-1,26.5651,0.000000000404479,'2013-10-18 10:59:11'),(274938,5,2,3.25,6.75,-1,191.31,0.000000000922355,'2013-10-18 10:59:11'),(274939,5,2,3.5,6.75,-1,90,0.000000000180889,'2013-10-18 10:59:11');

/*Table structure for table `resident_relative` */

DROP TABLE IF EXISTS `resident_relative`;

CREATE TABLE `resident_relative` (
  `id` int(10) unsigned NOT NULL AUTO_INCREMENT,
  `resident_id` int(10) unsigned NOT NULL,
  `nextofkin_id` int(10) unsigned NOT NULL,
  `relation` varchar(50) NOT NULL,
  `created_at` timestamp NOT NULL DEFAULT '0000-00-00 00:00:00',
  `updated_at` timestamp NULL DEFAULT NULL,
  PRIMARY KEY (`id`),
  KEY `humanid` (`resident_id`,`nextofkin_id`),
  KEY `nextokinid` (`nextofkin_id`),
  CONSTRAINT `resident_relative_ibfk_1` FOREIGN KEY (`resident_id`) REFERENCES `resident` (`id`) ON DELETE CASCADE ON UPDATE CASCADE,
  CONSTRAINT `resident_relative_ibfk_2` FOREIGN KEY (`nextofkin_id`) REFERENCES `nextofkin` (`id`) ON DELETE CASCADE ON UPDATE CASCADE
) ENGINE=InnoDB AUTO_INCREMENT=7 DEFAULT CHARSET=latin1;

/*Data for the table `resident_relative` */

insert  into `resident_relative`(`id`,`resident_id`,`nextofkin_id`,`relation`,`created_at`,`updated_at`) values (6,1,1,'Brother','2012-09-14 09:54:14',NULL);

/*Table structure for table `tag` */

DROP TABLE IF EXISTS `tag`;

CREATE TABLE `tag` (
  `id` int(10) unsigned NOT NULL AUTO_INCREMENT,
  `label` varchar(20) NOT NULL,
  `mac` varchar(20) DEFAULT NULL,
  `status` int(1) unsigned NOT NULL DEFAULT '1' COMMENT '1 = active, 0 = inactive',
  `resident_id` int(10) unsigned DEFAULT NULL,
  `created_at` timestamp NULL DEFAULT '0000-00-00 00:00:00',
  `updated_at` timestamp NULL DEFAULT NULL,
  PRIMARY KEY (`id`),
  UNIQUE KEY `label` (`label`),
  KEY `humanid` (`resident_id`),
  CONSTRAINT `tag_ibfk_1` FOREIGN KEY (`resident_id`) REFERENCES `resident` (`id`) ON DELETE CASCADE ON UPDATE CASCADE
) ENGINE=InnoDB AUTO_INCREMENT=11 DEFAULT CHARSET=latin1;

/*Data for the table `tag` */

insert  into `tag`(`id`,`label`,`mac`,`status`,`resident_id`,`created_at`,`updated_at`) values (1,'Node1','',1,1,'2012-09-14 10:29:23',NULL),(2,'Node2','',1,NULL,'2013-03-26 22:24:57',NULL),(3,'Node3','',1,NULL,'2013-03-26 22:25:12',NULL),(4,'Node4','',1,NULL,'2013-03-26 22:25:21',NULL),(5,'Node5','',1,NULL,'2013-03-26 22:25:32',NULL),(6,'Node6','',1,NULL,'2012-09-14 10:29:23',NULL),(7,'50F7','',1,2,'2013-03-26 22:42:49',NULL),(8,'035F','',1,3,'2013-03-26 22:43:21',NULL),(9,'0D76','',1,4,'2013-07-15 20:27:23',NULL),(10,'57B0','',1,5,'2013-03-26 22:45:04',NULL);

/*Table structure for table `user` */

DROP TABLE IF EXISTS `user`;

CREATE TABLE `user` (
  `id` int(10) unsigned NOT NULL AUTO_INCREMENT,
  `username` varchar(255) NOT NULL,
  `auth_key` varchar(32) DEFAULT '',
  `password_hash` varchar(255) DEFAULT '',
  `access_token` varchar(32) DEFAULT NULL,
  `password_reset_token` varchar(255) DEFAULT NULL,
  `email` varchar(255) DEFAULT '',
  `email_confirm_token` varchar(255) DEFAULT NULL,
  `role` int(10) unsigned DEFAULT '10',
  `status` smallint(6) DEFAULT '10',
  `allowance` int(10) unsigned DEFAULT NULL,
  `timestamp` int(10) unsigned DEFAULT NULL,
  `created_at` int(10) unsigned DEFAULT NULL,
  `updated_at` int(10) unsigned DEFAULT NULL,
  PRIMARY KEY (`id`)
) ENGINE=InnoDB AUTO_INCREMENT=9 DEFAULT CHARSET=utf8;

/*Data for the table `user` */

insert  into `user`(`id`,`username`,`auth_key`,`password_hash`,`access_token`,`password_reset_token`,`email`,`email_confirm_token`,`role`,`status`,`allowance`,`timestamp`,`created_at`,`updated_at`) values (1,'master','auth-key-test-admin','$2y$10$vsK92gjucpYK7MP.6w9Pk.N01/uH.EPaHHwnVYEAcSCjNruZ/YTPK','abcd1234',NULL,'zqi2@np.edu.sg',NULL,40,10,NULL,NULL,0,0),(2,'admin','auth-key-test-admin','$2y$10$vsK92gjucpYK7MP.6w9Pk.N01/uH.EPaHHwnVYEAcSCjNruZ/YTPK','abcd1234',NULL,'zqi2@np.edu.sg',NULL,30,10,298,1457497221,0,0),(3,'manager1','auth-key-test-admin','$2y$10$vsK92gjucpYK7MP.6w9Pk.N01/uH.EPaHHwnVYEAcSCjNruZ/YTPK','abcd1234',NULL,'zqi2@np.edu.sg',NULL,20,10,299,1457498221,0,0),(4,'manager2','auth-key-test-admin','$2y$10$vsK92gjucpYK7MP.6w9Pk.N01/uH.EPaHHwnVYEAcSCjNruZ/YTPK','abcd1234',NULL,'zqi2@np.edu.sg',NULL,20,10,299,1432481401,0,0),(5,'user1','auth-key-test-admin','$2y$10$vsK92gjucpYK7MP.6w9Pk.N01/uH.EPaHHwnVYEAcSCjNruZ/YTPK','abcd1234',NULL,'zqi2@np.edu.sg',NULL,10,10,297,1457685422,0,0),(6,'user2','auth-key-test-admin','$2y$10$vsK92gjucpYK7MP.6w9Pk.N01/uH.EPaHHwnVYEAcSCjNruZ/YTPK','abcd1234',NULL,'zqi2@np.edu.sg',NULL,10,10,299,1432560400,0,0),(7,'user3','auth-key-test-admin','$2y$10$vsK92gjucpYK7MP.6w9Pk.N01/uH.EPaHHwnVYEAcSCjNruZ/YTPK','abcd1234',NULL,'zqi2@np.edu.sg',NULL,10,10,299,1434507798,0,0),(8,'user4','auth-key-test-admin','$2y$10$vsK92gjucpYK7MP.6w9Pk.N01/uH.EPaHHwnVYEAcSCjNruZ/YTPK','abcd1234',NULL,'zqi2@np.edu.sg',NULL,10,10,299,1434507798,0,0);

/*Table structure for table `usertoken` */

DROP TABLE IF EXISTS `usertoken`;

CREATE TABLE `usertoken` (
  `id` int(10) unsigned NOT NULL AUTO_INCREMENT,
  `user_id` int(10) unsigned NOT NULL,
  `token` varchar(32) NOT NULL DEFAULT '',
  `label` varchar(10) DEFAULT NULL,
  `ip_address` varchar(32) DEFAULT NULL,
  `expire` timestamp NULL DEFAULT '0000-00-00 00:00:00',
  `created_at` timestamp NOT NULL DEFAULT CURRENT_TIMESTAMP ON UPDATE CURRENT_TIMESTAMP,
  PRIMARY KEY (`id`),
  UNIQUE KEY `token` (`token`),
  KEY `userId` (`user_id`),
  CONSTRAINT `usertoken_ibfk_1` FOREIGN KEY (`user_id`) REFERENCES `user` (`id`) ON DELETE CASCADE ON UPDATE CASCADE
) ENGINE=InnoDB DEFAULT CHARSET=latin1;

/*Data for the table `usertoken` */

/*!40101 SET SQL_MODE=@OLD_SQL_MODE */;
/*!40014 SET FOREIGN_KEY_CHECKS=@OLD_FOREIGN_KEY_CHECKS */;
/*!40014 SET UNIQUE_CHECKS=@OLD_UNIQUE_CHECKS */;
/*!40111 SET SQL_NOTES=@OLD_SQL_NOTES */;
